booking_id,package_id,user_id,booking_date,travel_date,lead_time_days,group_size,final_price_paid
BKG00001,PKG0014,USR0348,2025-01-14,2025-02-28,45,2,12280
BKG00002,PKG0048,USR0191,2024-03-19,2024-04-03,15,5,52240
BKG00003,PKG0038,USR0294,2025-01-10,2025-01-25,15,2,201940
BKG00004,PKG0004,USR0204,2024-10-12,2024-10-22,10,2,19300
BKG00005,PKG0026,USR0128,2024-01-27,2024-02-16,20,4,109770
BKG00006,PKG0035,USR0377,2025-06-14,2025-06-29,15,2,12110
BKG00007,PKG0040,USR0199,2024-04-30,2024-05-30,30,4,89100
BKG00008,PKG0010,USR0135,2025-04-01,2025-05-16,45,2,33960
BKG00009,PKG0027,USR0110,2024-10-19,2024-12-18,60,2,19170
BKG00010,PKG0060,USR0356,2025-05-17,2025-09-14,120,3,14410
BKG00011,PKG0031,USR0103,2024-03-16,2024-05-15,60,6,191580
BKG00012,PKG0010,USR0232,2025-03-31,2025-07-29,120,2,25410
BKG00013,PKG0054,USR0045,2024-11-23,2025-02-21,90,5,84990
BKG00014,PKG0010,USR0342,2024-03-07,2024-04-21,45,2,36750
BKG00015,PKG0051,USR0282,2024-11-03,2024-11-13,10,6,131070
BKG00016,PKG0010,USR0081,2024-06-27,2024-07-27,30,2,28450
BKG00017,PKG0005,USR0186,2024-05-04,2024-05-06,2,2,73130
BKG00018,PKG0018,USR0103,2024-08-30,2024-09-29,30,2,26440
BKG00019,PKG0013,USR0253,2025-07-21,2025-07-26,5,4,103790
BKG00020,PKG0038,USR0294,2025-07-18,2025-08-17,30,2,151290
BKG00021,PKG0027,USR0067,2024-03-29,2024-04-08,10,2,25560
BKG00022,PKG0001,USR0034,2025-05-05,2025-05-25,20,3,155160
BKG00023,PKG0047,USR0270,2025-02-23,2025-03-05,10,3,79470
BKG00024,PKG0032,USR0295,2024-11-20,2024-12-10,20,6,146420
BKG00025,PKG0009,USR0329,2025-04-22,2025-05-07,15,4,62580
BKG00026,PKG0049,USR0349,2024-05-11,2024-08-09,90,8,191720
BKG00027,PKG0042,USR0400,2025-08-24,2025-09-13,20,2,89880
BKG00028,PKG0038,USR0094,2024-05-12,2024-06-26,45,6,440570
BKG00029,PKG0005,USR0222,2024-02-26,2024-03-27,30,2,44200
BKG00030,PKG0006,USR0064,2024-11-07,2024-12-22,45,1,11150
BKG00031,PKG0058,USR0085,2024-08-18,2024-10-17,60,2,44650
BKG00032,PKG0011,USR0178,2025-06-15,2025-06-25,10,1,52670
BKG00033,PKG0016,USR0146,2024-09-13,2024-09-15,2,1,47950
BKG00034,PKG0022,USR0101,2025-07-18,2025-07-28,10,2,19670
BKG00035,PKG0031,USR0141,2024-11-06,2024-11-21,15,10,403600
BKG00036,PKG0040,USR0315,2025-05-29,2025-06-03,5,2,55730
BKG00037,PKG0022,USR0329,2025-08-17,2025-09-06,20,2,16150
BKG00038,PKG0034,USR0079,2025-10-01,2025-11-15,45,2,103800
BKG00039,PKG0033,USR0369,2024-12-11,2024-12-21,10,1,34480
BKG00040,PKG0016,USR0289,2024-01-30,2024-02-19,20,2,64860
BKG00041,PKG0020,USR0042,2025-08-13,2025-10-12,60,4,85020
BKG00042,PKG0001,USR0136,2025-08-08,2025-10-07,60,1,45640
BKG00043,PKG0059,USR0214,2024-02-01,2024-02-21,20,2,40850
BKG00044,PKG0044,USR0255,2025-07-12,2025-10-10,90,4,184020
BKG00045,PKG0043,USR0149,2024-11-05,2024-11-07,2,4,169870
BKG00046,PKG0029,USR0248,2025-02-19,2025-04-05,45,1,25420
BKG00047,PKG0033,USR0153,2024-03-02,2024-04-16,45,4,113630
BKG00048,PKG0005,USR0081,2025-05-10,2025-05-15,5,2,76530
BKG00049,PKG0035,USR0238,2025-09-13,2025-09-18,5,5,30130
BKG00050,PKG0038,USR0074,2024-11-22,2024-12-22,30,2,182830
BKG00051,PKG0046,USR0376,2024-12-19,2025-02-17,60,8,190280
BKG00052,PKG0023,USR0205,2025-01-14,2025-05-14,120,2,150250
BKG00053,PKG0052,USR0264,2024-11-22,2024-12-02,10,5,64180
BKG00054,PKG0026,USR0124,2024-09-30,2024-11-29,60,5,164240
BKG00055,PKG0001,USR0231,2024-04-09,2024-04-24,15,2,134410
BKG00056,PKG0047,USR0026,2025-01-28,2025-04-28,90,1,29090
BKG00057,PKG0033,USR0316,2024-06-12,2024-10-10,120,1,20720
BKG00058,PKG0012,USR0168,2024-11-16,2024-12-16,30,3,161280
BKG00059,PKG0020,USR0098,2025-05-25,2025-05-30,5,2,74170
BKG00060,PKG0031,USR0264,2024-11-11,2024-11-16,5,6,286630
BKG00061,PKG0042,USR0255,2025-02-06,2025-02-16,10,1,54210
BKG00062,PKG0049,USR0259,2024-09-03,2024-09-08,5,2,96600
BKG00063,PKG0030,USR0111,2024-02-19,2024-03-05,15,6,648660
BKG00064,PKG0010,USR0026,2025-09-03,2025-09-18,15,8,125270
BKG00065,PKG0033,USR0335,2024-10-19,2024-11-18,30,1,29520
BKG00066,PKG0022,USR0275,2024-04-20,2024-05-10,20,2,16890
BKG00067,PKG0017,USR0221,2024-09-27,2024-10-07,10,4,103060
BKG00068,PKG0036,USR0373,2025-02-16,2025-02-18,2,2,17200
BKG00069,PKG0047,USR0188,2024-02-22,2024-04-22,60,2,62060
BKG00070,PKG0019,USR0292,2025-01-06,2025-07-05,180,10,220620
BKG00071,PKG0053,USR0284,2025-01-30,2025-07-29,180,2,54110
BKG00072,PKG0060,USR0259,2025-07-17,2025-10-15,90,4,18410
BKG00073,PKG0051,USR0144,2025-09-30,2025-12-29,90,3,46110
BKG00074,PKG0025,USR0349,2024-05-11,2024-08-09,90,4,35840
BKG00075,PKG0026,USR0050,2024-12-13,2025-01-12,30,4,147390
BKG00076,PKG0018,USR0286,2024-05-27,2024-05-29,2,4,80380
BKG00077,PKG0060,USR0102,2025-02-15,2025-02-20,5,1,7470
BKG00078,PKG0005,USR0257,2024-02-09,2024-04-09,60,2,47960
BKG00079,PKG0014,USR0071,2025-04-30,2025-06-29,60,1,5740
BKG00080,PKG0022,USR0266,2025-09-12,2025-09-22,10,2,16010
BKG00081,PKG0006,USR0264,2025-09-19,2025-09-21,2,10,120520
BKG00082,PKG0019,USR0164,2025-09-23,2025-09-25,2,3,125280
BKG00083,PKG0005,USR0379,2025-08-30,2025-09-09,10,4,88460
BKG00084,PKG0060,USR0173,2025-06-05,2025-07-20,45,3,15800
BKG00085,PKG0025,USR0273,2025-07-30,2025-08-14,15,5,57660
BKG00086,PKG0030,USR0154,2024-01-18,2024-03-18,60,3,246700
BKG00087,PKG0004,USR0189,2024-04-22,2024-08-20,120,1,7110
BKG00088,PKG0008,USR0214,2024-01-28,2024-02-12,15,2,94000
BKG00089,PKG0027,USR0306,2025-08-15,2025-10-14,60,4,31200
BKG00090,PKG0059,USR0296,2024-02-22,2024-03-08,15,2,53950
BKG00091,PKG0016,USR0299,2025-06-20,2025-07-10,20,6,170770
BKG00092,PKG0015,USR0323,2025-01-24,2025-02-13,20,3,20180
BKG00093,PKG0028,USR0076,2024-09-05,2024-09-25,20,3,39550
BKG00094,PKG0016,USR0017,2024-04-22,2024-05-12,20,2,76210
BKG00095,PKG0031,USR0098,2024-11-17,2024-12-17,30,6,198160
BKG00096,PKG0048,USR0215,2024-07-27,2024-08-11,15,2,18510
BKG00097,PKG0056,USR0211,2025-09-18,2025-11-02,45,4,163220
BKG00098,PKG0042,USR0242,2024-03-04,2024-03-09,5,2,116280
BKG00099,PKG0052,USR0362,2024-07-31,2024-10-29,90,4,34090
BKG00100,PKG0045,USR0288,2025-05-04,2025-06-03,30,5,156030
BKG00101,PKG0043,USR0270,2024-06-26,2024-07-26,30,2,50670
BKG00102,PKG0051,USR0236,2024-12-16,2024-12-21,5,2,47130
BKG00103,PKG0005,USR0280,2024-09-27,2024-10-27,30,6,114560
BKG00104,PKG0035,USR0313,2024-09-09,2024-11-08,60,1,4590
BKG00105,PKG0022,USR0143,2024-08-18,2024-08-20,2,2,20940
BKG00106,PKG0003,USR0153,2024-07-31,2024-09-29,60,8,757640
BKG00107,PKG0022,USR0354,2024-11-20,2024-11-22,2,2,26850
BKG00108,PKG0035,USR0246,2024-10-07,2024-11-06,30,2,11030
BKG00109,PKG0014,USR0148,2025-07-10,2026-01-06,180,3,14810
BKG00110,PKG0018,USR0195,2025-02-08,2025-02-18,10,3,42920
BKG00111,PKG0022,USR0177,2024-05-29,2024-06-18,20,3,23130
BKG00112,PKG0037,USR0149,2024-03-21,2024-03-31,10,1,46070
BKG00113,PKG0059,USR0178,2024-09-19,2024-10-19,30,3,61000
BKG00114,PKG0051,USR0383,2024-07-25,2024-09-08,45,2,32440
BKG00115,PKG0025,USR0276,2025-07-29,2025-08-08,10,6,74520
BKG00116,PKG0030,USR0357,2024-04-21,2024-04-23,2,10,1365100
BKG00117,PKG0006,USR0316,2024-09-02,2024-11-01,60,3,35760
BKG00118,PKG0026,USR0125,2025-06-27,2025-08-11,45,8,231090
BKG00119,PKG0055,USR0116,2024-02-23,2024-03-14,20,2,31360
BKG00120,PKG0060,USR0052,2025-04-28,2025-05-03,5,1,9390
BKG00121,PKG0015,USR0052,2024-05-20,2024-06-04,15,2,15880
BKG00122,PKG0047,USR0003,2024-06-10,2024-10-08,120,1,23440
BKG00123,PKG0038,USR0209,2025-05-02,2025-06-16,45,5,371500
BKG00124,PKG0060,USR0245,2024-10-21,2024-10-31,10,10,51290
BKG00125,PKG0009,USR0165,2024-03-01,2024-05-30,90,4,47520
BKG00126,PKG0006,USR0394,2025-08-10,2025-08-15,5,6,76770
BKG00127,PKG0009,USR0119,2024-02-08,2024-03-24,45,4,45190
BKG00128,PKG0010,USR0090,2024-06-29,2024-07-14,15,1,17800
BKG00129,PKG0032,USR0019,2025-02-10,2025-02-20,10,1,25190
BKG00130,PKG0044,USR0254,2024-10-23,2025-01-21,90,3,197910
BKG00131,PKG0038,USR0020,2025-08-04,2025-09-03,30,3,207680
BKG00132,PKG0008,USR0309,2024-12-09,2025-04-08,120,4,133870
BKG00133,PKG0054,USR0146,2025-07-10,2025-10-08,90,4,68510
BKG00134,PKG0036,USR0269,2024-05-17,2024-08-15,90,4,22800
BKG00135,PKG0057,USR0259,2024-07-16,2024-07-21,5,8,144190
BKG00136,PKG0034,USR0058,2025-04-14,2025-07-13,90,8,266520
BKG00137,PKG0046,USR0332,2024-07-09,2024-08-23,45,2,56370
BKG00138,PKG0008,USR0008,2024-10-29,2024-12-13,45,8,313220
BKG00139,PKG0038,USR0291,2024-07-16,2025-01-12,180,2,144820
BKG00140,PKG0007,USR0090,2025-02-19,2025-04-05,45,5,46470
BKG00141,PKG0011,USR0219,2024-03-29,2024-04-28,30,2,99400
BKG00142,PKG0040,USR0206,2024-07-08,2024-09-06,60,5,83760
BKG00143,PKG0057,USR0072,2024-09-11,2024-09-16,5,4,73520
BKG00144,PKG0057,USR0004,2024-08-29,2024-10-13,45,2,33850
BKG00145,PKG0043,USR0229,2024-12-03,2025-04-02,120,1,27990
BKG00146,PKG0044,USR0155,2025-08-09,2025-11-07,90,1,66060
BKG00147,PKG0051,USR0006,2025-01-03,2025-01-23,20,2,37240
BKG00148,PKG0023,USR0355,2024-05-01,2024-07-30,90,4,240460
BKG00149,PKG0037,USR0239,2025-02-19,2025-03-06,15,2,83780
BKG00150,PKG0037,USR0352,2024-11-14,2024-12-14,30,1,44530
BKG00151,PKG0053,USR0354,2024-10-29,2024-11-28,30,5,178080
BKG00152,PKG0052,USR0189,2024-08-12,2024-08-27,15,2,24570
BKG00153,PKG0056,USR0069,2025-04-10,2025-04-20,10,4,212770
BKG00154,PKG0032,USR0383,2025-01-17,2025-01-22,5,4,146780
BKG00155,PKG0030,USR0213,2025-04-27,2025-05-12,15,1,124090
BKG00156,PKG0058,USR0388,2024-08-11,2024-12-09,120,4,110270
BKG00157,PKG0032,USR0391,2025-09-02,2025-09-12,10,3,86520
BKG00158,PKG0042,USR0042,2025-06-24,2025-07-04,10,10,468640
BKG00159,PKG0040,USR0361,2025-07-31,2025-08-05,5,4,101710
BKG00160,PKG0027,USR0058,2025-07-14,2025-07-24,10,3,30630
BKG00161,PKG0048,USR0259,2025-07-03,2025-09-01,60,10,74710
BKG00162,PKG0049,USR0077,2025-06-16,2025-07-06,20,3,92330
BKG00163,PKG0041,USR0227,2024-07-29,2024-07-31,2,3,33330
BKG00164,PKG0056,USR0368,2024-04-03,2024-09-30,180,1,28720
BKG00165,PKG0023,USR0262,2024-02-26,2024-04-26,60,8,595580
BKG00166,PKG0024,USR0233,2025-03-01,2025-04-15,45,2,42140
BKG00167,PKG0034,USR0234,2025-07-26,2025-08-15,20,2,83960
BKG00168,PKG0052,USR0237,2024-11-11,2024-12-01,20,5,60230
BKG00169,PKG0055,USR0371,2024-09-17,2024-12-16,90,3,47600
BKG00170,PKG0051,USR0002,2025-08-15,2025-09-14,30,3,43260
BKG00171,PKG0030,USR0038,2024-12-18,2024-12-28,10,2,257940
BKG00172,PKG0012,USR0359,2024-03-02,2024-04-01,30,4,211560
BKG00173,PKG0035,USR0036,2025-04-28,2025-08-26,120,1,4040
BKG00174,PKG0045,USR0017,2024-07-03,2024-08-17,45,4,117020
BKG00175,PKG0008,USR0394,2025-03-06,2025-07-04,120,3,93970
BKG00176,PKG0023,USR0192,2025-01-26,2025-01-28,2,6,592870
BKG00177,PKG0059,USR0230,2025-01-21,2025-02-10,20,2,49320
BKG00178,PKG0059,USR0193,2025-07-06,2025-09-04,60,3,57260
BKG00179,PKG0057,USR0069,2024-12-22,2025-03-22,90,10,113140
BKG00180,PKG0008,USR0061,2025-07-04,2025-07-19,15,2,81840
BKG00181,PKG0042,USR0202,2024-08-16,2024-08-21,5,2,130620
BKG00182,PKG0007,USR0002,2024-11-01,2024-12-31,60,5,46120
BKG00183,PKG0019,USR0238,2025-07-11,2025-11-08,120,8,211110
BKG00184,PKG0033,USR0218,2024-08-23,2024-09-02,10,4,105580
BKG00185,PKG0005,USR0127,2024-06-07,2024-07-22,45,3,71900
BKG00186,PKG0009,USR0142,2024-04-25,2024-05-25,30,2,30130
BKG00187,PKG0025,USR0017,2025-03-05,2025-04-19,45,3,36960
BKG00188,PKG0022,USR0315,2024-01-17,2024-02-16,30,3,24360
BKG00189,PKG0054,USR0124,2024-04-13,2024-04-23,10,4,110740
BKG00190,PKG0047,USR0305,2025-09-04,2026-01-02,120,2,49340
BKG00191,PKG0044,USR0345,2024-02-19,2024-02-21,2,4,318440
BKG00192,PKG0006,USR0126,2025-02-15,2025-02-25,10,6,62360
BKG00193,PKG0057,USR0225,2024-08-10,2024-11-08,90,8,116310
BKG00194,PKG0045,USR0387,2024-02-27,2024-03-28,30,1,33370
BKG00195,PKG0035,USR0072,2024-10-23,2024-11-22,30,2,11680
BKG00196,PKG0027,USR0120,2025-08-12,2025-09-26,45,2,18310
BKG00197,PKG0026,USR0164,2024-11-24,2025-01-08,45,8,250600
BKG00198,PKG0001,USR0122,2024-05-26,2024-06-10,15,3,140480
BKG00199,PKG0057,USR0339,2025-02-27,2025-03-04,5,5,88740
BKG00200,PKG0019,USR0154,2025-07-24,2025-10-22,90,5,127510
BKG00201,PKG0017,USR0303,2024-06-28,2024-07-13,15,2,49000
BKG00202,PKG0051,USR0321,2025-07-23,2025-09-21,60,2,29170
BKG00203,PKG0018,USR0254,2024-12-18,2025-01-17,30,3,48680
BKG00204,PKG0052,USR0330,2025-06-21,2025-08-20,60,2,17860
BKG00205,PKG0041,USR0164,2025-02-22,2025-03-04,10,4,38460
BKG00206,PKG0031,USR0077,2024-07-07,2024-07-17,10,1,34220
BKG00207,PKG0054,USR0387,2024-09-03,2024-09-18,15,2,45310
BKG00208,PKG0015,USR0116,2024-05-27,2024-06-01,5,2,16790
BKG00209,PKG0059,USR0238,2025-07-29,2025-09-12,45,3,70550
BKG00210,PKG0043,USR0212,2025-07-24,2025-08-03,10,3,98060
BKG00211,PKG0017,USR0272,2024-09-05,2024-09-15,10,3,78140
BKG00212,PKG0038,USR0131,2024-03-21,2024-05-05,45,2,159080
BKG00213,PKG0032,USR0231,2024-04-04,2024-07-03,90,5,109240
BKG00214,PKG0027,USR0275,2024-07-14,2024-07-24,10,6,58300
BKG00215,PKG0044,USR0027,2025-09-11,2025-10-01,20,3,170160
BKG00216,PKG0023,USR0309,2024-03-15,2024-07-13,120,2,125250
BKG00217,PKG0022,USR0097,2025-08-24,2025-10-08,45,1,6530
BKG00218,PKG0032,USR0371,2024-08-10,2024-09-09,30,2,52390
BKG00219,PKG0053,USR0246,2024-12-06,2025-02-04,60,2,60710
BKG00220,PKG0011,USR0156,2024-01-16,2024-02-15,30,6,229100
BKG00221,PKG0045,USR0109,2024-04-30,2024-05-30,30,4,137920
BKG00222,PKG0025,USR0383,2025-05-05,2025-06-04,30,3,32400
BKG00223,PKG0014,USR0125,2024-07-28,2024-08-27,30,5,28370
BKG00224,PKG0004,USR0204,2025-07-19,2025-09-17,60,5,40110
BKG00225,PKG0049,USR0165,2025-01-24,2025-03-25,60,4,96690
BKG00226,PKG0025,USR0239,2025-01-02,2025-04-02,90,5,56650
BKG00227,PKG0011,USR0158,2025-06-09,2025-08-08,60,5,211020
BKG00228,PKG0018,USR0255,2025-04-25,2025-05-10,15,10,170990
BKG00229,PKG0024,USR0390,2024-07-27,2024-07-29,2,1,21190
BKG00230,PKG0008,USR0190,2024-02-16,2024-03-17,30,1,42970
BKG00231,PKG0024,USR0289,2024-05-29,2024-06-18,20,1,18420
BKG00232,PKG0055,USR0009,2025-08-21,2025-09-20,30,6,92390
BKG00233,PKG0030,USR0297,2024-10-29,2025-02-26,120,6,452680
BKG00234,PKG0020,USR0079,2024-08-23,2024-09-22,30,3,74080
BKG00235,PKG0042,USR0195,2024-09-08,2024-09-10,2,2,123300
BKG00236,PKG0039,USR0256,2024-12-11,2025-04-10,120,6,97950
BKG00237,PKG0039,USR0132,2025-05-15,2025-05-20,5,4,93470
BKG00238,PKG0014,USR0371,2025-05-17,2025-09-14,120,4,19280
BKG00239,PKG0036,USR0236,2024-12-26,2025-01-25,30,10,68550
BKG00240,PKG0008,USR0087,2025-07-13,2025-07-23,10,2,93880
BKG00241,PKG0037,USR0251,2025-07-09,2025-11-06,120,5,146670
BKG00242,PKG0041,USR0329,2025-06-20,2025-09-18,90,2,16270
BKG00243,PKG0025,USR0018,2024-03-17,2024-03-27,10,3,35510
BKG00244,PKG0033,USR0343,2024-01-07,2024-01-17,10,2,65420
BKG00245,PKG0031,USR0212,2024-08-24,2024-11-22,90,4,136390
BKG00246,PKG0018,USR0035,2024-01-10,2024-01-25,15,1,18570
BKG00247,PKG0026,USR0112,2025-01-17,2025-07-16,180,2,49110
BKG00248,PKG0020,USR0031,2025-09-23,2025-10-23,30,10,214500
BKG00249,PKG0003,USR0248,2024-01-17,2024-01-22,5,3,611660
BKG00250,PKG0028,USR0004,2025-02-25,2025-04-11,45,3,46880
BKG00251,PKG0047,USR0007,2024-10-08,2024-10-18,10,8,214500
BKG00252,PKG0039,USR0275,2024-01-18,2024-01-28,10,3,73440
BKG00253,PKG0009,USR0258,2025-03-16,2025-04-15,30,2,28170
BKG00254,PKG0016,USR0092,2024-04-08,2024-08-06,120,10,238820
BKG00255,PKG0028,USR0269,2024-07-15,2024-10-13,90,2,22060
BKG00256,PKG0038,USR0318,2024-12-28,2025-02-26,60,2,132790
BKG00257,PKG0006,USR0137,2024-03-21,2024-04-20,30,8,79520
BKG00258,PKG0056,USR0192,2025-04-15,2025-05-05,20,3,118440
BKG00259,PKG0029,USR0290,2024-08-19,2024-09-08,20,4,95790
BKG00260,PKG0010,USR0154,2024-03-23,2024-03-25,2,2,37980
BKG00261,PKG0037,USR0335,2024-02-02,2024-06-01,120,3,84350
BKG00262,PKG0026,USR0048,2025-01-21,2025-04-21,90,2,60980
BKG00263,PKG0015,USR0283,2024-01-10,2024-01-12,2,4,37820
BKG00264,PKG0040,USR0360,2025-05-26,2025-08-24,90,6,103510
BKG00265,PKG0019,USR0223,2024-12-05,2025-02-03,60,2,48740
BKG00266,PKG0019,USR0290,2024-04-07,2024-04-22,15,1,42830
BKG00267,PKG0040,USR0271,2024-08-23,2024-09-02,10,2,43270
BKG00268,PKG0056,USR0109,2025-08-03,2025-08-18,15,3,123280
BKG00269,PKG0031,USR0244,2024-03-17,2024-03-27,10,2,70280
BKG00270,PKG0056,USR0351,2025-07-10,2025-07-20,10,1,37460
BKG00271,PKG0040,USR0289,2024-07-02,2024-07-17,15,2,44660
BKG00272,PKG0015,USR0162,2024-07-31,2024-09-14,45,6,38050
BKG00273,PKG0017,USR0301,2025-02-11,2025-02-26,15,2,52860
BKG00274,PKG0028,USR0040,2025-07-31,2025-08-15,15,4,64400
BKG00275,PKG0051,USR0124,2025-02-02,2025-03-04,30,4,62440
BKG00276,PKG0007,USR0347,2024-12-05,2025-01-04,30,3,28900
BKG00277,PKG0014,USR0197,2024-05-23,2024-05-28,5,4,36170
BKG00278,PKG0007,USR0353,2025-05-27,2025-06-06,10,3,30760
BKG00279,PKG0051,USR0382,2024-02-24,2024-08-22,180,2,26790
BKG00280,PKG0003,USR0051,2024-03-18,2024-05-02,45,3,410290
BKG00281,PKG0015,USR0175,2025-09-20,2025-10-20,30,2,13250
BKG00282,PKG0021,USR0305,2024-11-30,2025-01-29,60,2,36370
BKG00283,PKG0028,USR0016,2025-04-06,2025-05-06,30,6,84550
BKG00284,PKG0023,USR0252,2025-07-20,2025-08-09,20,2,139220
BKG00285,PKG0057,USR0193,2025-08-22,2025-10-06,45,3,37790
BKG00286,PKG0040,USR0339,2025-09-25,2026-03-24,180,3,48010
BKG00287,PKG0025,USR0152,2024-03-16,2024-03-21,5,4,58220
BKG00288,PKG0033,USR0043,2025-01-24,2025-02-13,20,6,141030
BKG00289,PKG0022,USR0365,2024-06-06,2024-06-21,15,2,18090
BKG00290,PKG0005,USR0379,2025-01-04,2025-01-24,20,2,53380
BKG00291,PKG0015,USR0055,2024-11-11,2025-02-09,90,8,44970
BKG00292,PKG0046,USR0228,2024-10-03,2024-11-02,30,4,142070
BKG00293,PKG0033,USR0053,2024-07-10,2024-07-30,20,4,88050
BKG00294,PKG0018,USR0221,2025-07-22,2025-08-01,10,1,15490
BKG00295,PKG0030,USR0263,2024-01-27,2024-05-26,120,5,457050
BKG00296,PKG0044,USR0046,2024-04-05,2024-05-20,45,2,134500
BKG00297,PKG0010,USR0306,2024-11-28,2024-12-13,15,1,20580
BKG00298,PKG0050,USR0198,2025-02-27,2025-03-29,30,5,28110
BKG00299,PKG0012,USR0199,2025-07-26,2025-07-31,5,2,105100
BKG00300,PKG0006,USR0125,2024-06-22,2024-06-27,5,2,25040
BKG00301,PKG0017,USR0351,2024-05-22,2024-06-06,15,2,56750
BKG00302,PKG0029,USR0138,2025-05-19,2025-07-03,45,3,61010
BKG00303,PKG0002,USR0075,2025-03-21,2025-06-19,90,2,14830
BKG00304,PKG0051,USR0142,2025-05-10,2025-06-24,45,5,65480
BKG00305,PKG0045,USR0040,2024-09-09,2024-09-29,20,4,112930
BKG00306,PKG0034,USR0370,2025-08-31,2025-11-29,90,2,93290
BKG00307,PKG0024,USR0316,2024-04-19,2024-05-09,20,2,46150
BKG00308,PKG0033,USR0070,2025-02-09,2025-04-10,60,1,27040
BKG00309,PKG0054,USR0171,2025-01-24,2025-07-23,180,2,33460
BKG00310,PKG0006,USR0169,2025-03-16,2025-03-21,5,10,128650
BKG00311,PKG0019,USR0334,2024-05-19,2024-07-03,45,4,114760
BKG00312,PKG0016,USR0154,2024-07-24,2024-09-22,60,2,64550
BKG00313,PKG0038,USR0246,2025-02-11,2025-04-12,60,2,151860
BKG00314,PKG0036,USR0164,2025-05-17,2025-06-16,30,8,45440
BKG00315,PKG0001,USR0295,2024-11-29,2024-12-04,5,2,147820
BKG00316,PKG0004,USR0193,2025-02-06,2025-06-06,120,2,12840
BKG00317,PKG0038,USR0187,2025-07-31,2025-09-14,45,4,259690
BKG00318,PKG0040,USR0103,2025-07-12,2025-08-11,30,2,37760
BKG00319,PKG0051,USR0093,2025-07-17,2025-11-14,120,4,57520
BKG00320,PKG0007,USR0014,2025-04-17,2025-04-19,2,4,48560
BKG00321,PKG0001,USR0363,2024-10-25,2024-11-24,30,6,323110
BKG00322,PKG0038,USR0355,2025-02-22,2025-03-04,10,2,161310
BKG00323,PKG0005,USR0345,2024-11-06,2025-02-04,90,10,153050
BKG00324,PKG0054,USR0124,2024-06-06,2024-06-11,5,5,128850
BKG00325,PKG0018,USR0367,2025-01-21,2025-02-20,30,5,62690
BKG00326,PKG0016,USR0038,2025-09-04,2025-09-19,15,2,89930
BKG00327,PKG0051,USR0246,2025-07-01,2025-12-28,180,3,41130
BKG00328,PKG0031,USR0260,2025-03-04,2025-03-19,15,2,74080
BKG00329,PKG0047,USR0279,2025-01-03,2025-01-23,20,4,121020
BKG00330,PKG0020,USR0360,2025-07-03,2025-10-31,120,1,21160
BKG00331,PKG0047,USR0305,2024-03-28,2024-05-12,45,2,63510
BKG00332,PKG0024,USR0056,2024-12-29,2025-04-28,120,2,36650
BKG00333,PKG0059,USR0086,2024-02-15,2024-03-06,20,1,22960
BKG00334,PKG0060,USR0289,2025-02-13,2025-03-05,20,2,10020
BKG00335,PKG0054,USR0386,2025-03-16,2025-04-05,20,2,45890
BKG00336,PKG0051,USR0055,2024-09-21,2025-01-19,120,4,61310
BKG00337,PKG0028,USR0114,2025-06-15,2025-07-30,45,4,48300
BKG00338,PKG0010,USR0286,2025-08-12,2025-10-11,60,2,25030
BKG00339,PKG0036,USR0114,2025-02-04,2025-05-05,90,4,26240
BKG00340,PKG0034,USR0238,2025-08-25,2025-11-23,90,2,83580
BKG00341,PKG0010,USR0354,2024-12-19,2025-01-08,20,4,68940
BKG00342,PKG0051,USR0013,2024-10-29,2024-11-03,5,3,79400
BKG00343,PKG0049,USR0213,2024-03-28,2024-04-12,15,8,316410
BKG00344,PKG0035,USR0060,2024-05-25,2024-09-22,120,4,14070
BKG00345,PKG0058,USR0179,2025-04-11,2025-04-13,2,10,329060
BKG00346,PKG0026,USR0106,2024-12-22,2025-02-05,45,2,56950
BKG00347,PKG0029,USR0244,2025-04-08,2025-04-28,20,2,46300
BKG00348,PKG0008,USR0164,2024-02-15,2024-02-17,2,5,268520
BKG00349,PKG0004,USR0364,2024-12-17,2024-12-22,5,2,24240
BKG00350,PKG0003,USR0332,2024-06-17,2024-07-07,20,3,332350
BKG00351,PKG0052,USR0380,2024-06-27,2024-07-07,10,3,32190
BKG00352,PKG0023,USR0283,2025-07-27,2025-09-25,60,5,312460
BKG00353,PKG0004,USR0219,2024-08-25,2024-10-09,45,4,32440
BKG00354,PKG0041,USR0208,2024-07-09,2024-07-19,10,1,10440
BKG00355,PKG0025,USR0328,2025-02-09,2025-03-26,45,4,41340
BKG00356,PKG0007,USR0015,2024-07-21,2024-08-20,30,2,15490
BKG00357,PKG0013,USR0231,2025-02-02,2025-03-04,30,2,50120
BKG00358,PKG0040,USR0003,2024-07-29,2024-10-27,90,2,37850
BKG00359,PKG0044,USR0143,2024-03-05,2024-04-04,30,4,270990
BKG00360,PKG0044,USR0296,2025-07-03,2025-07-23,20,3,160060
BKG00361,PKG0059,USR0096,2024-07-20,2024-10-18,90,4,85670
BKG00362,PKG0004,USR0235,2025-05-16,2025-06-30,45,5,43770
BKG00363,PKG0044,USR0271,2024-11-16,2024-12-16,30,2,122490
BKG00364,PKG0044,USR0306,2025-02-05,2025-03-22,45,4,223070
BKG00365,PKG0016,USR0301,2024-12-26,2025-02-09,45,3,103920
BKG00366,PKG0008,USR0235,2024-10-31,2024-11-15,15,2,118680
BKG00367,PKG0017,USR0315,2024-05-17,2024-05-19,2,3,103200
BKG00368,PKG0058,USR0161,2024-11-08,2024-11-18,10,3,95010
BKG00369,PKG0057,USR0060,2024-05-24,2024-06-23,30,5,70150
BKG00370,PKG0011,USR0262,2025-09-02,2025-09-17,15,2,91760
BKG00371,PKG0033,USR0071,2025-03-09,2025-04-08,30,2,52740
BKG00372,PKG0016,USR0096,2025-07-04,2025-07-24,20,5,152220
BKG00373,PKG0041,USR0356,2024-06-26,2024-08-25,60,8,53970
BKG00374,PKG0045,USR0285,2024-10-22,2024-11-01,10,2,92430
BKG00375,PKG0001,USR0072,2025-04-06,2025-06-05,60,1,41680
BKG00376,PKG0048,USR0318,2025-01-02,2025-02-16,45,4,29550
BKG00377,PKG0030,USR0005,2024-07-18,2024-08-02,15,2,224920
BKG00378,PKG0016,USR0197,2025-06-01,2025-06-11,10,5,179450
BKG00379,PKG0046,USR0335,2025-05-18,2025-08-16,90,6,140940
BKG00380,PKG0004,USR0213,2025-03-30,2025-04-29,30,2,18310
BKG00381,PKG0050,USR0251,2025-08-01,2025-10-30,90,2,11860
BKG00382,PKG0043,USR0016,2024-08-13,2024-12-11,120,4,105750
BKG00383,PKG0039,USR0150,2024-08-18,2024-09-17,30,2,32890
BKG00384,PKG0040,USR0276,2025-04-13,2025-06-12,60,5,90400
BKG00385,PKG0052,USR0290,2025-05-22,2025-06-01,10,4,47710
BKG00386,PKG0010,USR0282,2025-08-09,2025-08-14,5,4,78330
BKG00387,PKG0022,USR0059,2025-07-10,2025-07-20,10,6,48700
BKG00388,PKG0037,USR0188,2024-02-12,2024-03-03,20,5,194910
BKG00389,PKG0007,USR0390,2025-07-13,2025-10-11,90,4,29240
BKG00390,PKG0007,USR0112,2024-04-14,2024-05-04,20,6,54710
BKG00391,PKG0042,USR0377,2024-09-10,2024-10-25,45,2,97400
BKG00392,PKG0023,USR0153,2024-02-03,2024-02-13,10,1,82660
BKG00393,PKG0017,USR0231,2024-03-30,2024-09-26,180,2,33910
BKG00394,PKG0025,USR0225,2024-04-30,2024-06-29,60,2,21650
BKG00395,PKG0025,USR0398,2024-08-02,2024-08-22,20,2,22450
BKG00396,PKG0060,USR0378,2024-12-25,2025-01-14,20,8,41760
BKG00397,PKG0013,USR0364,2025-03-14,2025-04-03,20,2,54140
BKG00398,PKG0010,USR0085,2024-07-30,2024-08-04,5,1,22380
BKG00399,PKG0025,USR0106,2025-08-06,2025-08-11,5,3,41930
BKG00400,PKG0007,USR0180,2025-09-03,2025-09-05,2,10,89890
BKG00401,PKG0052,USR0276,2024-10-26,2024-11-25,30,10,106170
BKG00402,PKG0052,USR0149,2025-06-10,2025-06-15,5,4,46690
BKG00403,PKG0024,USR0348,2024-05-18,2024-06-02,15,5,97750
BKG00404,PKG0005,USR0385,2024-03-01,2024-03-11,10,3,69040
BKG00405,PKG0022,USR0142,2024-05-09,2024-08-07,90,6,38600
BKG00406,PKG0017,USR0360,2024-09-12,2024-09-27,15,2,50160
BKG00407,PKG0038,USR0075,2024-09-10,2024-09-15,5,1,101330
BKG00408,PKG0005,USR0390,2025-02-06,2025-06-06,120,2,38790
BKG00409,PKG0052,USR0251,2024-10-02,2024-10-04,2,3,42230
BKG00410,PKG0016,USR0322,2025-04-07,2025-04-22,15,2,91420
BKG00411,PKG0010,USR0039,2024-04-05,2024-05-20,45,2,35260
BKG00412,PKG0039,USR0207,2024-10-11,2024-10-21,10,3,53760
BKG00413,PKG0024,USR0356,2025-01-12,2025-01-14,2,2,62350
BKG00414,PKG0011,USR0233,2024-12-01,2024-12-21,20,8,342170
BKG00415,PKG0059,USR0298,2024-04-05,2024-05-05,30,4,113830
BKG00416,PKG0033,USR0375,2025-01-01,2025-01-16,15,2,74770
BKG00417,PKG0034,USR0033,2025-02-11,2025-06-11,120,4,133560
BKG00418,PKG0028,USR0112,2024-08-04,2024-09-03,30,2,26450
BKG00419,PKG0013,USR0254,2024-10-17,2024-11-06,20,1,27940
BKG00420,PKG0006,USR0173,2024-05-13,2024-05-23,10,3,42560
BKG00421,PKG0014,USR0290,2024-12-17,2025-03-17,90,2,10580
BKG00422,PKG0034,USR0350,2024-02-17,2024-03-18,30,4,149510
BKG00423,PKG0016,USR0051,2025-04-15,2025-04-20,5,6,284250
BKG00424,PKG0055,USR0009,2024-06-10,2024-07-10,30,2,31070
BKG00425,PKG0029,USR0226,2025-03-14,2025-04-28,45,2,49680
BKG00426,PKG0025,USR0104,2024-05-15,2024-05-30,15,4,61170
BKG00427,PKG0060,USR0333,2024-10-07,2024-12-06,60,4,22780
BKG00428,PKG0004,USR0048,2024-09-13,2024-10-03,20,4,33320
BKG00429,PKG0029,USR0043,2024-06-18,2024-08-02,45,2,40500
BKG00430,PKG0022,USR0027,2024-11-08,2024-11-13,5,3,35730
BKG00431,PKG0050,USR0372,2024-08-27,2024-09-11,15,10,67320
BKG00432,PKG0030,USR0220,2024-04-07,2024-04-27,20,1,110500
BKG00433,PKG0048,USR0001,2024-03-20,2024-06-18,90,3,23110
BKG00434,PKG0047,USR0068,2025-06-15,2025-12-12,180,4,106380
BKG00435,PKG0005,USR0349,2024-01-09,2024-04-08,90,2,44560
BKG00436,PKG0028,USR0357,2024-05-03,2024-08-01,90,2,24940
BKG00437,PKG0048,USR0217,2025-05-04,2025-08-02,90,2,14340
BKG00438,PKG0005,USR0037,2024-04-01,2024-05-01,30,3,79550
BKG00439,PKG0022,USR0375,2024-04-15,2024-05-30,45,10,89490
BKG00440,PKG0012,USR0161,2024-11-02,2024-12-17,45,4,222490
BKG00441,PKG0031,USR0071,2024-05-16,2024-05-31,15,3,135540
BKG00442,PKG0026,USR0329,2024-05-26,2024-06-10,15,3,103830
BKG00443,PKG0056,USR0036,2024-01-09,2024-02-08,30,2,62170
BKG00444,PKG0056,USR0313,2025-03-26,2025-03-28,2,3,140050
BKG00445,PKG0006,USR0180,2024-06-04,2024-12-01,180,3,26920
BKG00446,PKG0005,USR0211,2025-03-29,2025-04-03,5,6,174490
BKG00447,PKG0004,USR0112,2024-04-12,2024-05-02,20,5,50070
BKG00448,PKG0032,USR0072,2025-08-26,2025-12-24,120,2,42080
BKG00449,PKG0037,USR0374,2025-03-15,2025-06-13,90,2,67430
BKG00450,PKG0014,USR0162,2024-09-10,2024-09-30,20,10,56240
BKG00451,PKG0031,USR0142,2024-09-11,2024-09-26,15,3,109950
BKG00452,PKG0016,USR0284,2025-09-14,2025-09-24,10,1,35880
BKG00453,PKG0010,USR0146,2024-01-28,2024-02-27,30,2,27440
BKG00454,PKG0006,USR0338,2024-07-29,2024-09-27,60,6,51350
BKG00455,PKG0053,USR0266,2024-07-12,2024-08-26,45,1,31920
BKG00456,PKG0045,USR0383,2024-02-25,2024-04-25,60,2,65110
BKG00457,PKG0044,USR0123,2024-04-25,2024-05-10,15,2,159170
BKG00458,PKG0017,USR0124,2025-08-31,2025-10-15,45,2,44980
BKG00459,PKG0043,USR0037,2024-01-13,2024-05-12,120,10,248370
BKG00460,PKG0013,USR0185,2024-05-15,2024-09-12,120,2,42850
BKG00461,PKG0050,USR0199,2025-08-05,2025-08-20,15,1,6890
BKG00462,PKG0024,USR0216,2024-06-25,2024-08-09,45,4,68510
BKG00463,PKG0012,USR0391,2024-03-15,2024-04-04,20,3,169920
BKG00464,PKG0014,USR0009,2024-01-15,2024-02-29,45,8,41100
BKG00465,PKG0014,USR0135,2024-03-02,2024-03-17,15,2,12650
BKG00466,PKG0024,USR0204,2025-05-28,2025-06-12,15,4,84210
BKG00467,PKG0045,USR0393,2025-02-15,2025-03-17,30,4,112520
BKG00468,PKG0015,USR0043,2025-07-04,2025-07-19,15,8,52900
BKG00469,PKG0022,USR0316,2024-03-26,2024-05-10,45,2,21520
BKG00470,PKG0042,USR0159,2024-07-27,2024-10-25,90,4,175940
BKG00471,PKG0053,USR0080,2025-02-04,2025-02-24,20,3,93170
BKG00472,PKG0053,USR0301,2024-03-08,2024-04-07,30,1,37500
BKG00473,PKG0054,USR0159,2024-09-01,2024-09-11,10,5,102310
BKG00474,PKG0017,USR0030,2025-03-20,2025-04-09,20,6,143050
BKG00475,PKG0008,USR0060,2025-09-15,2025-09-30,15,5,202160
BKG00476,PKG0057,USR0029,2024-06-28,2024-07-13,15,10,136250
BKG00477,PKG0055,USR0062,2024-05-20,2024-07-19,60,1,12600
BKG00478,PKG0056,USR0360,2025-05-23,2025-06-22,30,3,101210
BKG00479,PKG0055,USR0178,2024-09-22,2024-10-07,15,4,67700
BKG00480,PKG0016,USR0086,2024-10-02,2025-01-30,120,2,67660
BKG00481,PKG0016,USR0376,2024-01-31,2024-02-20,20,10,288640
BKG00482,PKG0015,USR0172,2024-10-05,2024-10-20,15,1,7190
BKG00483,PKG0033,USR0269,2025-08-13,2025-08-23,10,10,234370
BKG00484,PKG0011,USR0322,2025-04-11,2025-07-10,90,3,100350
BKG00485,PKG0032,USR0262,2025-05-26,2025-07-10,45,3,77420
BKG00486,PKG0011,USR0291,2024-06-10,2024-09-08,90,2,76090
BKG00487,PKG0040,USR0131,2025-08-10,2025-08-30,20,2,38030
BKG00488,PKG0036,USR0346,2024-08-21,2024-09-20,30,3,20280
BKG00489,PKG0019,USR0380,2024-02-15,2024-05-15,90,2,62030
BKG00490,PKG0038,USR0007,2025-04-28,2025-06-12,45,1,75510
BKG00491,PKG0048,USR0187,2024-06-02,2024-07-02,30,4,32190
BKG00492,PKG0001,USR0092,2024-02-06,2024-03-07,30,10,363470
BKG00493,PKG0042,USR0284,2025-03-05,2025-05-04,60,2,99160
BKG00494,PKG0005,USR0115,2025-03-02,2025-04-01,30,2,52420
BKG00495,PKG0006,USR0369,2024-03-20,2024-05-04,45,2,25820
BKG00496,PKG0009,USR0293,2025-05-29,2025-08-27,90,6,62210
BKG00497,PKG0018,USR0345,2024-07-02,2024-08-16,45,2,26050
BKG00498,PKG0001,USR0115,2024-02-17,2024-04-02,45,2,107540
BKG00499,PKG0047,USR0206,2025-04-21,2025-06-20,60,2,52700
BKG00500,PKG0043,USR0145,2024-11-14,2025-05-13,180,2,55900
BKG00501,PKG0036,USR0168,2025-04-12,2025-04-27,15,4,36170
BKG00502,PKG0003,USR0005,2024-10-25,2024-11-09,15,3,503430
BKG00503,PKG0030,USR0289,2025-09-29,2025-10-14,15,2,202650
BKG00504,PKG0048,USR0125,2025-08-28,2025-10-27,60,5,35120
BKG00505,PKG0051,USR0253,2024-07-19,2024-08-18,30,4,59190
BKG00506,PKG0005,USR0376,2024-09-08,2024-09-28,20,2,40950
BKG00507,PKG0043,USR0078,2025-02-23,2025-04-24,60,2,54910
BKG00508,PKG0012,USR0013,2024-12-20,2025-06-18,180,2,81390
BKG00509,PKG0002,USR0326,2024-01-10,2024-02-24,45,4,35730
BKG00510,PKG0055,USR0172,2025-01-20,2025-05-20,120,10,152240
BKG00511,PKG0046,USR0378,2024-04-16,2024-05-31,45,2,60910
BKG00512,PKG0001,USR0106,2024-08-31,2024-09-10,10,4,239680
BKG00513,PKG0030,USR0215,2024-03-02,2024-05-31,90,4,389780
BKG00514,PKG0041,USR0073,2024-04-05,2024-04-20,15,2,21890
BKG00515,PKG0044,USR0023,2025-06-16,2025-07-16,30,4,244720
BKG00516,PKG0046,USR0212,2025-01-16,2025-03-17,60,6,144630
BKG00517,PKG0058,USR0235,2024-03-27,2024-04-16,20,2,52450
BKG00518,PKG0059,USR0298,2024-05-16,2024-06-15,30,2,45510
BKG00519,PKG0019,USR0327,2024-03-17,2024-05-16,60,1,35530
BKG00520,PKG0058,USR0304,2025-03-21,2025-04-05,15,1,35190
BKG00521,PKG0058,USR0340,2024-08-30,2024-09-09,10,5,133610
BKG00522,PKG0029,USR0150,2024-11-18,2024-11-20,2,8,257330
BKG00523,PKG0013,USR0202,2024-11-30,2025-01-29,60,2,54490
BKG00524,PKG0030,USR0163,2024-08-27,2024-12-25,120,8,612470
BKG00525,PKG0060,USR0039,2024-05-19,2024-08-17,90,1,5440
BKG00526,PKG0012,USR0400,2024-04-21,2024-08-19,120,2,73940
BKG00527,PKG0045,USR0080,2025-04-05,2025-04-25,20,4,148340
BKG00528,PKG0010,USR0239,2024-05-03,2024-05-08,5,2,43190
BKG00529,PKG0003,USR0275,2024-07-31,2024-08-02,2,2,288370
BKG00530,PKG0025,USR0232,2024-09-28,2024-10-13,15,2,22670
BKG00531,PKG0042,USR0062,2024-11-07,2024-11-17,10,2,131780
BKG00532,PKG0051,USR0361,2024-02-11,2024-03-02,20,3,40440
BKG00533,PKG0034,USR0111,2024-12-01,2024-12-06,5,2,147040
BKG00534,PKG0028,USR0076,2024-09-11,2024-12-10,90,2,24480
BKG00535,PKG0020,USR0183,2024-02-20,2024-03-06,15,5,132420
BKG00536,PKG0004,USR0347,2024-06-27,2024-12-24,180,2,16800
BKG00537,PKG0059,USR0016,2025-04-08,2025-08-06,120,3,55230
BKG00538,PKG0006,USR0285,2024-09-12,2024-09-27,15,5,51220
BKG00539,PKG0020,USR0049,2024-05-23,2024-11-19,180,4,91530
BKG00540,PKG0012,USR0063,2024-08-15,2024-09-04,20,5,226910
BKG00541,PKG0031,USR0067,2025-02-14,2025-03-01,15,8,255910
BKG00542,PKG0016,USR0191,2024-03-27,2024-04-16,20,2,75960
BKG00543,PKG0054,USR0299,2024-03-17,2024-07-15,120,2,35130
BKG00544,PKG0038,USR0012,2024-07-21,2024-08-10,20,3,215280
BKG00545,PKG0045,USR0331,2024-05-11,2024-05-21,10,6,232880
BKG00546,PKG0020,USR0048,2024-12-05,2024-12-25,20,1,30160
BKG00547,PKG0045,USR0063,2025-04-17,2025-04-19,2,3,137910
BKG00548,PKG0042,USR0026,2025-08-10,2025-08-25,15,8,429490
BKG00549,PKG0031,USR0222,2025-02-08,2025-03-25,45,3,87370
BKG00550,PKG0058,USR0255,2025-03-12,2025-03-17,5,2,61810
BKG00551,PKG0020,USR0089,2024-07-10,2024-08-24,45,4,92850
BKG00552,PKG0047,USR0141,2024-06-01,2024-06-16,15,2,60080
BKG00553,PKG0044,USR0018,2025-09-23,2025-11-07,45,2,122190
BKG00554,PKG0001,USR0126,2025-05-25,2025-08-23,90,10,362780
BKG00555,PKG0001,USR0211,2025-05-05,2025-06-19,45,5,208840
BKG00556,PKG0051,USR0032,2025-01-27,2025-04-27,90,2,33200
BKG00557,PKG0005,USR0071,2025-06-22,2025-08-06,45,4,77460
BKG00558,PKG0032,USR0128,2025-07-10,2025-11-07,120,2,48920
BKG00559,PKG0034,USR0010,2025-01-02,2025-01-22,20,10,415010
BKG00560,PKG0030,USR0246,2025-05-11,2025-05-26,15,4,456280
BKG00561,PKG0036,USR0177,2025-05-29,2025-06-13,15,8,58770
BKG00562,PKG0008,USR0165,2024-07-03,2024-09-01,60,2,75440
BKG00563,PKG0032,USR0014,2024-08-12,2024-11-10,90,2,51130
BKG00564,PKG0035,USR0016,2024-10-14,2024-10-29,15,1,5360
BKG00565,PKG0057,USR0030,2025-04-28,2025-05-08,10,4,83260
BKG00566,PKG0015,USR0272,2025-08-21,2025-09-05,15,1,8960
BKG00567,PKG0047,USR0120,2024-04-12,2024-04-17,5,2,76770
BKG00568,PKG0056,USR0127,2024-09-29,2024-11-13,45,1,40290
BKG00569,PKG0047,USR0274,2024-02-27,2024-04-27,60,2,54010
BKG00570,PKG0007,USR0392,2024-08-12,2024-09-01,20,6,40480
BKG00571,PKG0012,USR0295,2025-02-01,2025-03-03,30,2,93700
BKG00572,PKG0020,USR0182,2024-06-26,2024-08-25,60,2,44470
BKG00573,PKG0028,USR0091,2024-11-21,2025-01-20,60,2,26550
BKG00574,PKG0042,USR0378,2025-08-28,2025-11-26,90,2,92310
BKG00575,PKG0041,USR0015,2024-12-26,2025-01-10,15,2,24560
BKG00576,PKG0005,USR0291,2025-07-30,2025-09-13,45,2,40460
BKG00577,PKG0044,USR0097,2025-05-19,2025-09-16,120,8,366530
BKG00578,PKG0011,USR0278,2025-05-17,2025-08-15,90,2,72700
BKG00579,PKG0016,USR0020,2024-08-26,2024-09-25,30,2,64150
BKG00580,PKG0019,USR0309,2025-06-23,2025-06-25,2,2,88440
BKG00581,PKG0059,USR0245,2025-09-20,2025-11-04,45,4,95840
BKG00582,PKG0054,USR0104,2024-12-14,2024-12-24,10,2,56440
BKG00583,PKG0043,USR0368,2024-11-27,2024-12-02,5,6,246440
BKG00584,PKG0024,USR0031,2025-08-23,2025-09-12,20,2,34700
BKG00585,PKG0060,USR0361,2024-04-23,2024-04-28,5,2,18630
BKG00586,PKG0033,USR0270,2024-03-15,2024-03-25,10,2,58730
BKG00587,PKG0013,USR0192,2025-02-09,2025-02-14,5,10,255220
BKG00588,PKG0008,USR0301,2024-11-05,2024-11-15,10,4,225160
BKG00589,PKG0020,USR0166,2024-06-10,2024-07-25,45,1,27590
BKG00590,PKG0057,USR0375,2025-05-13,2025-06-12,30,2,29400
BKG00591,PKG0054,USR0333,2025-07-29,2025-09-12,45,2,39280
BKG00592,PKG0034,USR0356,2025-09-20,2025-09-22,2,5,232470
BKG00593,PKG0048,USR0183,2025-08-26,2025-08-31,5,4,41110
BKG00594,PKG0034,USR0090,2024-10-28,2025-02-25,120,3,100790
BKG00595,PKG0012,USR0066,2024-01-02,2024-02-01,30,2,86230
BKG00596,PKG0017,USR0360,2025-02-04,2025-02-19,15,2,48070
BKG00597,PKG0056,USR0395,2024-02-03,2024-03-19,45,10,308230
BKG00598,PKG0028,USR0094,2025-09-18,2025-12-17,90,1,14740
BKG00599,PKG0055,USR0114,2024-04-16,2024-08-14,120,4,52540
BKG00600,PKG0022,USR0255,2024-03-20,2024-07-18,120,3,18980
BKG00601,PKG0058,USR0122,2024-11-23,2024-12-08,15,6,199340
BKG00602,PKG0018,USR0086,2024-03-31,2024-05-30,60,2,29520
BKG00603,PKG0022,USR0363,2024-12-09,2024-12-29,20,2,17640
BKG00604,PKG0018,USR0229,2024-08-02,2024-08-07,5,4,73310
BKG00605,PKG0005,USR0128,2024-12-24,2025-01-13,20,2,53030
BKG00606,PKG0015,USR0132,2024-01-02,2024-06-30,180,2,11040
BKG00607,PKG0006,USR0025,2025-03-05,2025-03-10,5,2,28960
BKG00608,PKG0041,USR0086,2025-05-19,2025-07-03,45,5,47200
BKG00609,PKG0025,USR0194,2025-01-19,2025-03-05,45,2,21150
BKG00610,PKG0027,USR0052,2025-08-14,2025-12-12,120,8,64200
BKG00611,PKG0052,USR0334,2024-08-18,2024-11-16,90,3,31980
BKG00612,PKG0030,USR0084,2024-02-04,2024-02-09,5,8,935350
BKG00613,PKG0037,USR0151,2024-09-24,2024-11-08,45,3,134960
BKG00614,PKG0021,USR0054,2024-06-23,2024-07-08,15,3,61790
BKG00615,PKG0059,USR0193,2024-03-17,2024-06-15,90,2,42290
BKG00616,PKG0023,USR0281,2024-04-05,2024-04-15,10,2,189290
BKG00617,PKG0047,USR0174,2025-09-20,2025-10-20,30,10,220810
BKG00618,PKG0010,USR0248,2025-03-17,2025-07-15,120,5,54830
BKG00619,PKG0044,USR0335,2025-03-20,2025-07-18,120,6,306070
BKG00620,PKG0021,USR0081,2024-12-05,2025-01-19,45,2,46410
BKG00621,PKG0009,USR0106,2025-02-23,2025-08-22,180,4,38310
BKG00622,PKG0006,USR0357,2025-07-07,2025-07-09,2,3,38940
BKG00623,PKG0044,USR0136,2024-10-31,2024-11-15,15,4,359120
BKG00624,PKG0027,USR0122,2025-02-06,2025-06-06,120,3,20770
BKG00625,PKG0008,USR0293,2025-05-17,2025-06-16,30,3,109060
BKG00626,PKG0024,USR0079,2024-01-04,2024-04-03,90,2,35490
BKG00627,PKG0041,USR0219,2025-10-02,2025-10-12,10,6,52950
BKG00628,PKG0046,USR0308,2024-04-09,2024-04-19,10,3,125450
BKG00629,PKG0060,USR0014,2024-10-25,2024-12-09,45,4,27530
BKG00630,PKG0059,USR0042,2024-04-28,2024-06-12,45,4,80220
BKG00631,PKG0046,USR0158,2025-04-27,2025-05-12,15,3,112430
BKG00632,PKG0036,USR0251,2024-09-28,2024-11-12,45,2,14670
BKG00633,PKG0051,USR0047,2025-01-31,2025-02-05,5,4,72920
BKG00634,PKG0010,USR0095,2025-01-25,2025-03-11,45,10,140950
BKG00635,PKG0048,USR0190,2024-02-15,2024-03-06,20,3,21560
BKG00636,PKG0018,USR0135,2024-09-26,2024-10-16,20,6,80180
BKG00637,PKG0007,USR0116,2025-07-31,2025-08-15,15,8,64280
BKG00638,PKG0035,USR0032,2024-04-09,2024-07-08,90,5,19340
BKG00639,PKG0006,USR0044,2025-07-08,2025-09-06,60,2,18150
BKG00640,PKG0024,USR0212,2025-08-26,2025-09-25,30,3,53550
BKG00641,PKG0050,USR0117,2025-01-31,2025-03-17,45,3,18590
BKG00642,PKG0031,USR0268,2025-07-02,2025-08-16,45,2,64120
BKG00643,PKG0006,USR0352,2025-05-01,2025-05-21,20,5,59680
BKG00644,PKG0024,USR0294,2025-05-02,2025-07-31,90,6,100610
BKG00645,PKG0006,USR0154,2024-02-05,2024-05-05,90,2,19720
BKG00646,PKG0019,USR0258,2025-06-13,2025-06-23,10,2,69700
BKG00647,PKG0020,USR0293,2025-09-27,2025-11-26,60,6,150250
BKG00648,PKG0052,USR0076,2025-04-04,2025-07-03,90,5,41740
BKG00649,PKG0031,USR0089,2024-06-20,2024-07-10,20,2,62990
BKG00650,PKG0025,USR0109,2024-05-09,2024-05-24,15,2,30070
BKG00651,PKG0020,USR0022,2025-03-21,2025-05-05,45,2,57250
BKG00652,PKG0050,USR0104,2024-05-31,2024-06-15,15,2,13210
BKG00653,PKG0038,USR0305,2024-03-09,2024-03-11,2,2,212690
BKG00654,PKG0054,USR0045,2025-02-10,2025-05-11,90,4,76000
BKG00655,PKG0049,USR0283,2024-10-09,2024-10-11,2,3,123790
BKG00656,PKG0040,USR0267,2024-01-13,2024-02-27,45,2,41090
BKG00657,PKG0009,USR0359,2025-06-19,2025-08-18,60,5,58550
BKG00658,PKG0048,USR0215,2024-06-02,2024-11-29,180,2,16190
BKG00659,PKG0018,USR0076,2025-08-19,2025-08-24,5,1,17990
BKG00660,PKG0010,USR0389,2024-04-12,2024-04-22,10,2,42360
BKG00661,PKG0059,USR0055,2024-04-13,2024-04-28,15,6,166900
BKG00662,PKG0010,USR0147,2024-12-18,2025-01-07,20,2,37410
BKG00663,PKG0031,USR0211,2025-05-12,2025-05-27,15,2,80250
BKG00664,PKG0060,USR0293,2024-02-08,2024-02-18,10,2,11890
BKG00665,PKG0017,USR0089,2024-05-27,2024-06-01,5,4,120300
BKG00666,PKG0057,USR0317,2025-02-15,2025-03-17,30,5,72700
BKG00667,PKG0047,USR0020,2024-12-05,2025-02-03,60,2,48220
BKG00668,PKG0023,USR0354,2025-05-01,2025-05-16,15,8,647970
BKG00669,PKG0007,USR0138,2024-01-21,2024-03-06,45,2,17160
BKG00670,PKG0031,USR0173,2024-11-06,2024-11-21,15,6,244360
BKG00671,PKG0059,USR0160,2025-05-18,2025-07-02,45,2,44830
BKG00672,PKG0023,USR0357,2024-08-21,2024-08-31,10,4,327290
BKG00673,PKG0006,USR0069,2025-03-29,2025-05-13,45,2,24820
BKG00674,PKG0047,USR0397,2024-10-02,2024-10-17,15,5,136100
BKG00675,PKG0028,USR0374,2024-04-01,2024-07-30,120,8,75640
BKG00676,PKG0028,USR0097,2025-02-20,2025-05-21,90,8,96750
BKG00677,PKG0055,USR0380,2025-06-12,2025-08-11,60,1,13500
BKG00678,PKG0002,USR0192,2025-06-11,2025-07-26,45,2,14530
BKG00679,PKG0004,USR0082,2025-06-02,2025-08-31,90,6,42410
BKG00680,PKG0044,USR0207,2025-06-20,2025-09-18,90,4,190680
BKG00681,PKG0003,USR0292,2024-07-16,2024-08-05,20,1,117690
BKG00682,PKG0036,USR0103,2024-09-12,2024-10-12,30,1,6170
BKG00683,PKG0054,USR0017,2025-01-04,2025-01-14,10,4,114830
BKG00684,PKG0006,USR0361,2025-01-12,2025-02-01,20,6,57860
BKG00685,PKG0017,USR0238,2024-05-06,2024-05-26,20,3,85520
BKG00686,PKG0004,USR0349,2025-01-16,2025-01-21,5,2,26140
BKG00687,PKG0046,USR0251,2024-06-30,2024-09-28,90,5,117060
BKG00688,PKG0051,USR0243,2024-12-24,2025-03-24,90,2,27660
BKG00689,PKG0030,USR0177,2024-09-21,2024-09-23,2,2,258820
BKG00690,PKG0032,USR0384,2024-04-02,2024-04-04,2,2,63970
BKG00691,PKG0042,USR0146,2024-02-20,2024-03-11,20,6,296030
BKG00692,PKG0030,USR0084,2024-08-07,2024-08-09,2,8,821880
BKG00693,PKG0049,USR0114,2024-07-30,2024-09-28,60,2,58930
BKG00694,PKG0016,USR0138,2025-06-09,2025-06-29,20,6,173500
BKG00695,PKG0024,USR0011,2024-01-10,2024-01-30,20,1,20210
BKG00696,PKG0020,USR0243,2024-06-26,2024-07-16,20,2,57150
BKG00697,PKG0001,USR0308,2024-08-17,2024-08-19,2,10,559270
BKG00698,PKG0001,USR0130,2024-11-08,2024-11-23,15,2,130760
BKG00699,PKG0002,USR0365,2024-10-08,2024-11-07,30,3,26530
BKG00700,PKG0047,USR0217,2024-12-23,2025-01-12,20,1,31110
BKG00701,PKG0019,USR0236,2025-04-22,2025-08-20,120,4,91350
BKG00702,PKG0044,USR0155,2025-09-30,2026-01-28,120,2,115870
BKG00703,PKG0056,USR0204,2024-01-08,2024-03-08,60,1,34850
BKG00704,PKG0024,USR0262,2025-01-18,2025-02-17,30,1,17350
BKG00705,PKG0058,USR0288,2025-09-15,2025-09-30,15,3,88400
BKG00706,PKG0053,USR0145,2024-04-20,2024-06-04,45,4,119900
BKG00707,PKG0034,USR0247,2024-10-10,2024-12-09,60,2,99770
BKG00708,PKG0031,USR0328,2024-10-10,2024-10-30,20,2,63470
BKG00709,PKG0024,USR0134,2024-11-01,2024-12-16,45,4,80340
BKG00710,PKG0026,USR0097,2024-09-03,2024-09-23,20,2,65670
BKG00711,PKG0008,USR0030,2025-09-06,2025-09-21,15,3,130230
BKG00712,PKG0015,USR0207,2024-05-23,2024-09-20,120,2,12000
BKG00713,PKG0050,USR0370,2025-05-24,2025-08-22,90,2,11200
BKG00714,PKG0055,USR0152,2025-03-04,2025-06-02,90,1,14810
BKG00715,PKG0007,USR0208,2024-02-06,2024-02-11,5,2,20020
BKG00716,PKG0032,USR0299,2025-08-08,2025-12-06,120,2,49940
BKG00717,PKG0034,USR0098,2024-08-15,2024-08-30,15,3,139170
BKG00718,PKG0022,USR0352,2025-05-02,2025-05-12,10,4,39760
BKG00719,PKG0059,USR0344,2024-11-03,2025-01-02,60,1,28670
BKG00720,PKG0010,USR0088,2025-07-25,2025-08-09,15,2,35350
BKG00721,PKG0033,USR0093,2025-04-27,2025-05-07,10,4,123800
BKG00722,PKG0020,USR0066,2025-07-26,2025-08-10,15,10,223160
BKG00723,PKG0025,USR0391,2024-12-09,2025-03-09,90,2,19940
BKG00724,PKG0035,USR0336,2024-12-29,2025-03-29,90,4,18340
BKG00725,PKG0050,USR0115,2024-11-10,2024-12-25,45,2,14450
BKG00726,PKG0043,USR0216,2024-12-05,2025-01-04,30,2,61010
BKG00727,PKG0047,USR0191,2024-10-28,2024-11-12,15,1,38530
BKG00728,PKG0019,USR0238,2025-04-26,2025-07-25,90,2,56740
BKG00729,PKG0013,USR0028,2025-08-20,2025-10-19,60,4,80580
BKG00730,PKG0033,USR0298,2024-03-13,2024-03-23,10,1,27730
BKG00731,PKG0049,USR0242,2025-05-27,2025-09-24,120,2,56980
BKG00732,PKG0020,USR0062,2025-01-25,2025-02-14,20,2,48240
BKG00733,PKG0028,USR0272,2024-02-25,2024-03-06,10,4,59980
BKG00734,PKG0019,USR0078,2024-07-24,2024-08-03,10,2,66730
BKG00735,PKG0042,USR0176,2025-08-06,2025-09-05,30,5,217080
BKG00736,PKG0055,USR0235,2024-07-03,2024-07-05,2,2,41300
BKG00737,PKG0043,USR0399,2024-12-06,2025-01-20,45,2,65640
BKG00738,PKG0030,USR0324,2024-11-16,2024-12-01,15,1,137020
BKG00739,PKG0013,USR0325,2025-04-07,2025-05-22,45,4,99810
BKG00740,PKG0023,USR0141,2024-06-21,2024-06-23,2,8,663730
BKG00741,PKG0046,USR0296,2025-05-16,2025-09-13,120,5,126210
BKG00742,PKG0012,USR0391,2024-05-12,2024-08-10,90,3,122700
BKG00743,PKG0006,USR0315,2025-03-15,2025-03-30,15,10,108020
BKG00744,PKG0055,USR0207,2025-05-03,2025-06-02,30,6,94480
BKG00745,PKG0056,USR0197,2025-06-30,2025-07-15,15,6,254790
BKG00746,PKG0010,USR0103,2024-01-15,2024-01-30,15,2,42620
BKG00747,PKG0053,USR0165,2025-06-27,2025-10-25,120,2,57400
BKG00748,PKG0031,USR0098,2024-01-05,2024-04-04,90,10,268830
BKG00749,PKG0037,USR0321,2024-08-19,2024-11-17,90,2,77130
BKG00750,PKG0030,USR0356,2024-11-15,2024-12-15,30,4,422620
BKG00751,PKG0031,USR0067,2025-05-30,2025-08-28,90,2,54490
BKG00752,PKG0028,USR0302,2024-03-07,2024-04-06,30,1,15750
BKG00753,PKG0039,USR0024,2024-10-24,2024-10-26,2,5,104970
BKG00754,PKG0024,USR0234,2025-09-02,2025-10-17,45,3,53740
BKG00755,PKG0012,USR0269,2024-05-17,2024-06-16,30,3,138310
BKG00756,PKG0044,USR0176,2025-05-16,2025-06-15,30,6,328450
BKG00757,PKG0051,USR0184,2024-06-17,2024-06-19,2,2,39430
BKG00758,PKG0055,USR0207,2024-08-17,2024-08-22,5,10,156210
BKG00759,PKG0060,USR0373,2024-08-04,2024-08-19,15,4,23850
BKG00760,PKG0041,USR0376,2025-05-31,2025-06-10,10,4,38980
BKG00761,PKG0059,USR0087,2024-02-08,2024-02-13,5,4,113440
BKG00762,PKG0059,USR0193,2024-09-18,2024-09-20,2,2,59890
BKG00763,PKG0039,USR0395,2024-02-19,2024-02-24,5,3,71760
BKG00764,PKG0050,USR0305,2024-04-20,2024-04-30,10,2,16830
BKG00765,PKG0052,USR0335,2024-02-19,2024-04-19,60,6,57830
BKG00766,PKG0053,USR0354,2025-03-30,2025-04-09,10,2,94760
BKG00767,PKG0044,USR0195,2024-09-15,2024-11-14,60,3,185200
BKG00768,PKG0034,USR0243,2024-07-29,2024-09-27,60,2,80920
BKG00769,PKG0008,USR0356,2024-01-10,2024-01-30,20,6,259970
BKG00770,PKG0002,USR0155,2024-04-13,2024-05-13,30,4,38890
BKG00771,PKG0001,USR0340,2025-09-29,2025-10-29,30,1,41170
BKG00772,PKG0035,USR0311,2025-03-04,2025-03-09,5,2,11790
BKG00773,PKG0039,USR0054,2025-09-24,2025-09-29,5,2,40500
BKG00774,PKG0021,USR0061,2024-04-18,2024-05-03,15,6,143670
BKG00775,PKG0046,USR0255,2024-07-23,2024-11-20,120,2,58830
BKG00776,PKG0034,USR0399,2025-06-19,2025-08-03,45,10,385670
BKG00777,PKG0001,USR0104,2025-02-23,2025-02-28,5,4,269700
BKG00778,PKG0049,USR0152,2025-07-15,2025-10-13,90,4,111000
BKG00779,PKG0052,USR0255,2025-05-07,2025-05-22,15,8,102930
BKG00780,PKG0028,USR0170,2024-01-14,2024-02-03,20,6,77100
BKG00781,PKG0029,USR0344,2024-04-23,2024-06-07,45,6,109400
BKG00782,PKG0014,USR0294,2024-06-01,2024-07-01,30,2,12620
BKG00783,PKG0034,USR0047,2024-03-17,2024-04-06,20,2,102240
BKG00784,PKG0058,USR0371,2024-09-19,2024-10-04,15,3,76680
BKG00785,PKG0024,USR0330,2024-10-30,2024-11-09,10,6,140550
BKG00786,PKG0022,USR0136,2024-04-12,2024-07-11,90,3,20250
BKG00787,PKG0028,USR0090,2024-10-24,2025-01-22,90,4,59320
BKG00788,PKG0049,USR0185,2024-11-16,2024-12-01,15,3,119850
BKG00789,PKG0014,USR0219,2024-04-07,2024-04-17,10,2,14480
BKG00790,PKG0020,USR0389,2024-01-10,2024-01-12,2,6,206620
BKG00791,PKG0055,USR0071,2024-06-23,2024-07-23,30,3,44920
BKG00792,PKG0003,USR0169,2025-03-24,2025-04-13,20,3,427340
BKG00793,PKG0052,USR0319,2024-04-05,2024-10-02,180,2,17040
BKG00794,PKG0047,USR0191,2024-07-06,2024-08-05,30,1,25100
BKG00795,PKG0051,USR0059,2025-04-12,2025-04-17,5,5,129360
BKG00796,PKG0037,USR0140,2025-05-04,2025-07-03,60,2,64420
BKG00797,PKG0007,USR0216,2024-06-19,2024-07-09,20,10,69090
BKG00798,PKG0031,USR0058,2024-03-01,2024-03-31,30,2,62940
BKG00799,PKG0001,USR0082,2025-08-27,2025-10-11,45,6,234520
BKG00800,PKG0008,USR0248,2025-03-24,2025-04-13,20,4,168740
BKG00801,PKG0002,USR0093,2025-01-02,2025-01-22,20,6,56090
BKG00802,PKG0042,USR0314,2024-05-13,2024-07-12,60,3,133750
BKG00803,PKG0040,USR0248,2024-04-25,2024-05-05,10,2,49560
BKG00804,PKG0027,USR0211,2024-03-05,2024-06-03,90,2,16390
BKG00805,PKG0006,USR0134,2024-01-13,2024-05-12,120,3,31840
BKG00806,PKG0002,USR0361,2025-06-21,2025-09-19,90,2,14040
BKG00807,PKG0042,USR0393,2025-08-01,2025-09-30,60,3,124990
BKG00808,PKG0052,USR0115,2024-12-12,2025-02-10,60,2,18030
BKG00809,PKG0051,USR0266,2025-09-25,2025-10-05,10,3,50400
BKG00810,PKG0007,USR0049,2024-09-11,2024-11-10,60,1,9290
BKG00811,PKG0020,USR0247,2025-01-29,2025-07-28,180,10,169200
BKG00812,PKG0006,USR0077,2025-07-25,2025-09-08,45,1,11190
BKG00813,PKG0022,USR0314,2024-06-09,2024-06-14,5,2,21820
BKG00814,PKG0013,USR0259,2025-05-22,2025-06-06,15,2,50400
BKG00815,PKG0022,USR0085,2025-05-18,2025-06-07,20,6,38370
BKG00816,PKG0033,USR0165,2024-10-11,2024-10-21,10,2,57220
BKG00817,PKG0046,USR0026,2025-07-17,2025-07-22,5,2,83360
BKG00818,PKG0056,USR0330,2024-08-28,2024-12-26,120,2,67880
BKG00819,PKG0042,USR0041,2025-08-09,2025-08-14,5,5,282530
BKG00820,PKG0024,USR0230,2025-05-25,2025-08-23,90,2,33130
BKG00821,PKG0059,USR0229,2025-05-24,2025-06-13,20,4,82040
BKG00822,PKG0017,USR0382,2024-04-15,2024-04-20,5,4,140190
BKG00823,PKG0058,USR0207,2025-07-24,2025-07-26,2,2,68900
BKG00824,PKG0034,USR0282,2024-04-03,2024-04-13,10,5,258450
BKG00825,PKG0017,USR0310,2024-11-07,2024-12-22,45,2,50660
BKG00826,PKG0015,USR0261,2025-04-12,2025-08-10,120,3,16890
BKG00827,PKG0023,USR0175,2024-02-25,2024-03-11,15,2,144270
BKG00828,PKG0034,USR0115,2024-12-05,2024-12-10,5,2,137830
BKG00829,PKG0022,USR0287,2025-09-06,2025-10-21,45,2,13370
BKG00830,PKG0010,USR0243,2025-01-07,2025-03-08,60,1,13400
BKG00831,PKG0030,USR0367,2024-04-09,2024-05-09,30,2,221580
BKG00832,PKG0006,USR0389,2024-01-03,2024-04-02,90,2,22420
BKG00833,PKG0008,USR0175,2024-10-25,2024-11-24,30,3,132300
BKG00834,PKG0006,USR0281,2024-04-18,2024-05-18,30,4,52410
BKG00835,PKG0010,USR0024,2025-05-19,2025-07-03,45,4,56000
BKG00836,PKG0014,USR0072,2025-02-23,2025-03-25,30,8,44590
BKG00837,PKG0059,USR0055,2024-07-19,2024-07-21,2,4,126690
BKG00838,PKG0029,USR0097,2025-02-06,2025-02-11,5,1,30000
BKG00839,PKG0045,USR0111,2024-07-14,2024-08-13,30,2,56560
BKG00840,PKG0035,USR0367,2025-02-28,2025-05-29,90,2,9360
BKG00841,PKG0030,USR0024,2025-08-25,2025-12-23,120,4,342860
BKG00842,PKG0037,USR0064,2025-04-06,2025-05-21,45,1,46960
BKG00843,PKG0015,USR0235,2025-05-31,2025-07-15,45,2,11880
BKG00844,PKG0025,USR0069,2024-01-05,2024-02-04,30,3,27120
BKG00845,PKG0037,USR0272,2025-07-20,2025-08-09,20,2,76840
BKG00846,PKG0008,USR0222,2025-05-09,2025-06-23,45,2,76150
BKG00847,PKG0051,USR0261,2024-06-30,2024-07-05,5,6,123040
BKG00848,PKG0050,USR0355,2024-05-11,2024-05-31,20,5,38050
BKG00849,PKG0029,USR0054,2025-09-06,2025-09-26,20,5,106730
BKG00850,PKG0059,USR0311,2025-05-31,2025-07-30,60,5,88770
BKG00851,PKG0040,USR0197,2025-09-15,2025-12-14,90,1,22410
BKG00852,PKG0016,USR0355,2024-10-07,2024-11-06,30,1,38020
BKG00853,PKG0008,USR0204,2024-10-28,2024-11-12,15,3,171500
BKG00854,PKG0037,USR0232,2024-05-21,2024-05-26,5,2,109110
BKG00855,PKG0045,USR0212,2025-06-08,2025-07-08,30,2,53150
BKG00856,PKG0031,USR0154,2025-07-14,2025-07-24,10,4,151980
BKG00857,PKG0030,USR0161,2025-07-20,2026-01-16,180,2,178450
BKG00858,PKG0059,USR0324,2024-08-02,2024-09-16,45,5,113110
BKG00859,PKG0027,USR0320,2024-12-19,2025-03-19,90,8,64290
BKG00860,PKG0027,USR0345,2024-07-01,2024-07-11,10,1,10930
BKG00861,PKG0022,USR0258,2024-11-26,2024-12-16,20,10,80820
BKG00862,PKG0047,USR0364,2024-12-26,2025-01-05,10,4,141960
BKG00863,PKG0001,USR0288,2025-08-07,2025-08-17,10,2,106260
BKG00864,PKG0013,USR0342,2025-06-30,2025-07-30,30,1,25320
BKG00865,PKG0015,USR0147,2025-03-08,2025-03-28,20,1,6610
BKG00866,PKG0040,USR0007,2024-01-26,2024-02-15,20,2,40060
BKG00867,PKG0052,USR0196,2024-02-27,2024-03-03,5,5,59800
BKG00868,PKG0031,USR0103,2024-06-13,2024-08-12,60,2,61300
BKG00869,PKG0045,USR0147,2024-05-29,2024-07-13,45,5,156160
BKG00870,PKG0059,USR0032,2024-10-29,2024-11-03,5,1,30330
BKG00871,PKG0056,USR0105,2024-02-03,2024-04-03,60,4,150050
BKG00872,PKG0030,USR0184,2024-04-14,2024-04-19,5,2,263980
BKG00873,PKG0008,USR0316,2025-07-29,2025-09-27,60,1,35930
BKG00874,PKG0058,USR0115,2025-07-28,2025-10-26,90,2,44190
BKG00875,PKG0009,USR0200,2024-10-21,2024-10-23,2,6,95470
BKG00876,PKG0043,USR0355,2025-01-25,2025-03-26,60,2,53300
BKG00877,PKG0056,USR0199,2024-11-16,2025-02-14,90,3,91630
BKG00878,PKG0004,USR0283,2024-09-14,2024-11-13,60,3,24690
BKG00879,PKG0054,USR0104,2025-03-29,2025-04-28,30,6,137100
BKG00880,PKG0023,USR0116,2025-01-11,2025-02-10,30,5,328430
BKG00881,PKG0006,USR0387,2025-09-09,2026-01-07,120,1,11330
BKG00882,PKG0005,USR0101,2024-07-17,2024-08-16,30,5,99400
BKG00883,PKG0055,USR0151,2024-03-17,2024-05-01,45,6,96040
BKG00884,PKG0023,USR0096,2025-06-10,2025-06-30,20,2,135760
BKG00885,PKG0005,USR0062,2025-03-14,2025-04-28,45,2,49710
BKG00886,PKG0054,USR0143,2024-05-13,2024-05-23,10,3,79320
BKG00887,PKG0047,USR0083,2024-09-18,2024-10-18,30,4,105030
BKG00888,PKG0045,USR0003,2024-06-07,2024-07-07,30,3,89070
BKG00889,PKG0041,USR0021,2024-11-26,2025-02-24,90,6,46950
BKG00890,PKG0041,USR0306,2025-10-02,2025-10-04,2,2,23770
BKG00891,PKG0030,USR0316,2024-11-04,2025-02-02,90,1,84900
BKG00892,PKG0042,USR0252,2025-07-17,2025-08-31,45,2,87680
BKG00893,PKG0006,USR0184,2024-11-21,2024-12-11,20,2,23080
BKG00894,PKG0008,USR0270,2024-07-07,2024-08-06,30,10,332820
BKG00895,PKG0051,USR0267,2025-06-01,2025-06-11,10,4,66100
BKG00896,PKG0014,USR0082,2025-07-03,2025-07-13,10,2,13380
BKG00897,PKG0031,USR0207,2024-08-14,2024-08-19,5,4,158540
BKG00898,PKG0054,USR0110,2024-12-05,2025-03-05,90,3,60500
BKG00899,PKG0010,USR0185,2025-09-25,2025-09-30,5,4,74840
BKG00900,PKG0031,USR0272,2025-07-28,2025-08-27,30,2,56280
BKG00901,PKG0006,USR0386,2024-01-10,2024-02-24,45,2,18540
BKG00902,PKG0013,USR0059,2025-04-01,2025-05-01,30,1,27010
BKG00903,PKG0055,USR0124,2025-09-20,2025-09-30,10,5,80050
BKG00904,PKG0009,USR0319,2024-02-10,2024-03-26,45,3,35850
BKG00905,PKG0044,USR0350,2025-01-25,2025-01-30,5,4,363670
BKG00906,PKG0026,USR0059,2025-07-07,2025-07-27,20,2,56190
BKG00907,PKG0060,USR0371,2025-06-13,2025-07-13,30,2,10800
BKG00908,PKG0006,USR0395,2025-06-04,2025-08-03,60,2,18770
BKG00909,PKG0038,USR0229,2024-10-30,2024-11-14,15,10,821160
BKG00910,PKG0053,USR0334,2025-06-10,2025-07-25,45,1,31400
BKG00911,PKG0018,USR0043,2024-06-20,2024-07-05,15,5,77000
BKG00912,PKG0001,USR0396,2024-01-08,2024-01-13,5,2,131380
BKG00913,PKG0001,USR0321,2024-08-06,2024-11-04,90,4,213460
BKG00914,PKG0038,USR0351,2024-04-16,2024-05-31,45,2,168640
BKG00915,PKG0033,USR0106,2025-03-21,2025-03-31,10,5,124430
BKG00916,PKG0001,USR0332,2024-03-14,2024-03-19,5,2,121280
BKG00917,PKG0023,USR0383,2024-01-25,2024-02-04,10,6,425860
BKG00918,PKG0058,USR0236,2024-02-08,2024-03-09,30,2,46320
BKG00919,PKG0013,USR0045,2024-07-01,2024-07-11,10,10,251410
BKG00920,PKG0030,USR0129,2025-08-11,2025-10-10,60,1,96240
BKG00921,PKG0020,USR0117,2025-02-21,2025-02-26,5,2,64030
BKG00922,PKG0049,USR0199,2025-02-18,2025-02-23,5,4,161620
BKG00923,PKG0059,USR0222,2025-02-02,2025-02-07,5,2,62610
BKG00924,PKG0060,USR0345,2024-01-07,2024-02-06,30,2,10290
BKG00925,PKG0047,USR0329,2024-03-05,2024-05-04,60,6,152660
BKG00926,PKG0049,USR0388,2024-02-16,2024-02-26,10,4,145210
BKG00927,PKG0048,USR0359,2025-01-01,2025-03-02,60,3,22680
BKG00928,PKG0053,USR0258,2024-11-04,2025-02-02,90,4,111630
BKG00929,PKG0005,USR0311,2025-03-24,2025-04-23,30,4,94950
BKG00930,PKG0034,USR0196,2024-02-01,2024-03-02,30,4,144680
BKG00931,PKG0010,USR0243,2024-08-13,2024-08-18,5,3,60540
BKG00932,PKG0022,USR0070,2025-07-12,2025-07-17,5,1,9740
BKG00933,PKG0033,USR0152,2024-05-27,2024-05-29,2,3,116900
BKG00934,PKG0060,USR0153,2025-01-17,2025-01-27,10,2,15830
BKG00935,PKG0040,USR0006,2025-07-22,2025-08-21,30,3,61450
BKG00936,PKG0007,USR0073,2024-01-06,2024-04-05,90,10,77050
BKG00937,PKG0058,USR0294,2025-07-04,2025-08-18,45,2,53970
BKG00938,PKG0045,USR0281,2024-11-08,2024-11-18,10,5,212220
BKG00939,PKG0021,USR0108,2024-12-18,2025-03-18,90,2,33160
BKG00940,PKG0044,USR0109,2025-06-08,2025-07-08,30,1,64740
BKG00941,PKG0058,USR0073,2024-08-14,2024-09-03,20,1,24950
BKG00942,PKG0051,USR0316,2024-07-17,2024-08-16,30,5,69480
BKG00943,PKG0042,USR0059,2025-08-03,2025-10-02,60,2,74520
BKG00944,PKG0039,USR0028,2025-07-16,2025-08-15,30,2,33590
BKG00945,PKG0054,USR0237,2024-03-15,2024-07-13,120,6,98260
BKG00946,PKG0015,USR0149,2024-09-13,2024-10-13,30,4,25910
BKG00947,PKG0035,USR0051,2025-08-17,2025-10-16,60,3,12650
BKG00948,PKG0036,USR0250,2024-12-31,2025-01-02,2,2,20810
BKG00949,PKG0030,USR0066,2024-08-28,2024-09-02,5,6,740290
BKG00950,PKG0036,USR0052,2024-03-12,2024-03-22,10,2,14550
BKG00951,PKG0007,USR0100,2025-04-06,2025-08-04,120,2,13300
BKG00952,PKG0020,USR0169,2024-11-09,2024-11-19,10,2,60100
BKG00953,PKG0047,USR0356,2025-08-02,2025-09-16,45,4,103840
BKG00954,PKG0041,USR0291,2024-11-19,2024-12-09,20,10,88510
BKG00955,PKG0018,USR0220,2024-11-16,2025-03-16,120,2,24810
BKG00956,PKG0049,USR0127,2025-03-22,2025-04-21,30,6,212230
BKG00957,PKG0024,USR0142,2024-05-17,2024-05-19,2,2,59820
BKG00958,PKG0031,USR0348,2025-05-06,2025-05-21,15,6,244060
BKG00959,PKG0054,USR0237,2024-11-08,2024-11-28,20,4,85510
BKG00960,PKG0045,USR0250,2024-06-28,2024-07-18,20,1,30680
BKG00961,PKG0042,USR0331,2024-10-14,2024-10-29,15,4,223950
BKG00962,PKG0030,USR0072,2024-07-20,2024-08-09,20,2,173570
BKG00963,PKG0038,USR0135,2024-03-19,2024-04-03,15,2,198680
BKG00964,PKG0003,USR0373,2024-01-20,2024-01-30,10,2,317220
BKG00965,PKG0040,USR0260,2025-08-18,2025-09-07,20,4,72450
BKG00966,PKG0005,USR0297,2025-08-27,2025-09-16,20,8,153480
BKG00967,PKG0052,USR0109,2025-07-18,2025-09-16,60,4,35920
BKG00968,PKG0032,USR0134,2025-07-06,2025-08-05,30,3,71250
BKG00969,PKG0054,USR0242,2024-06-01,2024-07-31,60,8,126200
BKG00970,PKG0030,USR0188,2025-08-26,2025-10-25,60,2,173210
BKG00971,PKG0010,USR0376,2024-05-17,2024-06-06,20,2,30860
BKG00972,PKG0006,USR0238,2024-04-02,2024-06-01,60,2,18050
BKG00973,PKG0013,USR0204,2024-01-11,2024-04-10,90,4,90380
BKG00974,PKG0050,USR0340,2025-09-20,2025-11-04,45,5,33560
BKG00975,PKG0045,USR0351,2025-06-10,2025-07-25,45,6,160750
BKG00976,PKG0005,USR0072,2024-07-02,2024-08-31,60,6,113710
BKG00977,PKG0042,USR0290,2024-05-29,2024-06-28,30,6,246360
BKG00978,PKG0031,USR0377,2025-01-02,2025-03-03,60,5,132100
BKG00979,PKG0004,USR0021,2025-05-14,2025-06-13,30,4,32230
BKG00980,PKG0028,USR0119,2025-01-13,2025-01-15,2,2,36720
BKG00981,PKG0048,USR0120,2024-07-30,2024-10-28,90,4,28980
BKG00982,PKG0022,USR0266,2025-01-04,2025-07-03,180,1,6820
BKG00983,PKG0033,USR0199,2025-04-10,2025-04-15,5,2,82120
BKG00984,PKG0027,USR0024,2024-11-27,2025-05-26,180,4,30680
BKG00985,PKG0027,USR0053,2025-06-17,2025-08-01,45,2,17130
BKG00986,PKG0054,USR0325,2024-09-26,2024-11-10,45,2,42390
BKG00987,PKG0045,USR0297,2024-06-27,2024-07-27,30,5,164560
BKG00988,PKG0021,USR0193,2025-01-09,2025-01-29,20,4,88670
BKG00989,PKG0056,USR0301,2024-03-20,2024-05-19,60,10,356640
BKG00990,PKG0038,USR0265,2024-08-16,2024-09-05,20,8,481820
BKG00991,PKG0045,USR0265,2024-12-19,2025-01-18,30,8,263790
BKG00992,PKG0017,USR0250,2025-09-10,2025-09-20,10,3,70060
BKG00993,PKG0043,USR0004,2024-05-22,2024-07-06,45,2,50550
BKG00994,PKG0019,USR0226,2024-03-19,2024-05-03,45,8,265320
BKG00995,PKG0028,USR0264,2024-08-04,2024-11-02,90,1,16500
BKG00996,PKG0014,USR0077,2025-01-05,2025-02-19,45,2,11940
BKG00997,PKG0015,USR0309,2024-05-01,2024-06-15,45,2,13040
BKG00998,PKG0023,USR0339,2024-12-04,2025-01-18,45,2,153720
BKG00999,PKG0058,USR0369,2025-05-05,2025-05-25,20,2,51530
BKG01000,PKG0059,USR0246,2024-06-14,2024-06-29,15,2,50660
BKG01001,PKG0010,USR0332,2024-01-23,2024-01-25,2,4,91910
BKG01002,PKG0045,USR0125,2025-08-10,2025-09-24,45,2,61720
BKG01003,PKG0047,USR0304,2025-06-08,2025-06-28,20,4,104020
BKG01004,PKG0003,USR0021,2024-05-30,2024-06-19,20,2,237170
BKG01005,PKG0023,USR0029,2024-07-03,2024-07-13,10,2,176530
BKG01006,PKG0030,USR0265,2025-09-05,2026-01-03,120,3,277630
BKG01007,PKG0022,USR0289,2024-10-17,2025-01-15,90,8,64580
BKG01008,PKG0020,USR0044,2025-09-13,2025-10-13,30,2,48040
BKG01009,PKG0056,USR0242,2024-06-23,2024-06-25,2,10,399120
BKG01010,PKG0040,USR0113,2025-09-07,2025-09-22,15,5,109850
BKG01011,PKG0031,USR0074,2024-07-05,2024-07-10,5,2,82800
BKG01012,PKG0056,USR0320,2024-09-27,2024-10-27,30,10,345800
BKG01013,PKG0030,USR0086,2024-12-16,2024-12-26,10,2,261620
BKG01014,PKG0001,USR0233,2024-03-11,2024-05-10,60,1,51630
BKG01015,PKG0008,USR0118,2024-05-15,2024-06-14,30,5,176310
BKG01016,PKG0008,USR0056,2025-06-19,2025-07-09,20,5,178210
BKG01017,PKG0042,USR0259,2024-06-02,2024-06-04,2,2,111550
BKG01018,PKG0042,USR0311,2025-05-02,2025-07-01,60,2,87150
BKG01019,PKG0020,USR0315,2025-06-28,2025-07-03,5,3,94770
BKG01020,PKG0060,USR0258,2024-04-05,2024-04-15,10,4,29060
BKG01021,PKG0059,USR0247,2025-09-09,2026-01-07,120,6,127840
BKG01022,PKG0020,USR0277,2025-03-17,2025-03-27,10,2,58060
BKG01023,PKG0032,USR0268,2024-02-14,2024-08-12,180,2,41620
BKG01024,PKG0057,USR0358,2024-08-22,2024-09-21,30,5,60170
BKG01025,PKG0030,USR0247,2025-01-25,2025-01-27,2,2,284980
BKG01026,PKG0034,USR0180,2025-08-12,2025-12-10,120,4,152580
BKG01027,PKG0049,USR0051,2024-09-17,2024-09-27,10,2,77040
BKG01028,PKG0038,USR0245,2024-03-26,2024-09-22,180,3,186090
BKG01029,PKG0015,USR0146,2025-07-10,2025-09-08,60,8,42100
BKG01030,PKG0004,USR0210,2024-01-06,2024-02-05,30,2,15320
BKG01031,PKG0015,USR0364,2024-01-08,2024-02-22,45,4,26240
BKG01032,PKG0020,USR0296,2025-06-16,2025-06-21,5,10,299320
BKG01033,PKG0051,USR0004,2024-07-29,2024-09-12,45,5,76590
BKG01034,PKG0052,USR0353,2025-02-22,2025-06-22,120,6,46400
BKG01035,PKG0010,USR0186,2025-03-12,2025-04-01,20,2,34110
BKG01036,PKG0002,USR0334,2024-09-24,2024-10-09,15,5,46760
BKG01037,PKG0035,USR0275,2025-01-09,2025-01-19,10,2,12890
BKG01038,PKG0049,USR0314,2025-02-10,2025-03-12,30,2,66400
BKG01039,PKG0036,USR0387,2025-07-19,2025-07-29,10,6,37940
BKG01040,PKG0057,USR0286,2025-01-14,2025-01-29,15,10,181840
BKG01041,PKG0035,USR0287,2024-09-16,2024-10-06,20,1,4370
BKG01042,PKG0016,USR0158,2025-02-11,2025-06-11,120,2,57910
BKG01043,PKG0032,USR0377,2024-05-01,2024-05-03,2,3,114930
BKG01044,PKG0042,USR0383,2024-06-14,2024-08-13,60,2,93290
BKG01045,PKG0008,USR0052,2025-02-14,2025-04-15,60,4,154940
BKG01046,PKG0005,USR0174,2025-09-20,2025-12-19,90,1,23200
BKG01047,PKG0008,USR0357,2024-02-23,2024-06-22,120,3,94360
BKG01048,PKG0049,USR0083,2024-01-06,2024-01-26,20,2,80670
BKG01049,PKG0049,USR0047,2025-04-27,2025-10-24,180,5,141300
BKG01050,PKG0011,USR0308,2024-03-06,2024-03-21,15,2,104750
BKG01051,PKG0009,USR0135,2024-03-22,2024-04-06,15,4,66140
BKG01052,PKG0021,USR0312,2025-01-28,2025-02-27,30,3,52190
BKG01053,PKG0025,USR0206,2025-06-17,2025-07-17,30,2,22350
BKG01054,PKG0002,USR0147,2025-09-03,2025-10-18,45,2,15930
BKG01055,PKG0016,USR0030,2024-06-28,2024-07-28,30,10,331580
BKG01056,PKG0053,USR0328,2024-01-11,2024-02-10,30,10,244650
BKG01057,PKG0038,USR0104,2025-06-14,2025-07-04,20,2,139450
BKG01058,PKG0019,USR0147,2025-09-05,2025-10-20,45,4,115730
BKG01059,PKG0054,USR0262,2024-08-25,2024-10-24,60,6,106570
BKG01060,PKG0031,USR0315,2024-02-06,2024-03-22,45,4,121560
BKG01061,PKG0005,USR0185,2024-01-01,2024-06-29,180,4,71320
BKG01062,PKG0036,USR0081,2024-10-09,2024-10-19,10,2,14560
BKG01063,PKG0030,USR0400,2025-02-08,2025-02-13,5,2,241860
BKG01064,PKG0001,USR0208,2025-06-14,2025-06-29,15,6,293600
BKG01065,PKG0051,USR0008,2024-03-11,2024-04-10,30,6,102210
BKG01066,PKG0002,USR0047,2025-07-26,2025-07-28,2,2,24400
BKG01067,PKG0033,USR0299,2024-10-10,2024-10-12,2,3,105490
BKG01068,PKG0049,USR0116,2024-07-18,2024-08-17,30,6,187400
BKG01069,PKG0015,USR0233,2025-08-11,2025-08-26,15,1,7840
BKG01070,PKG0055,USR0003,2025-02-20,2025-05-21,90,3,48410
BKG01071,PKG0021,USR0260,2024-03-15,2024-06-13,90,2,30560
BKG01072,PKG0052,USR0258,2024-04-29,2024-05-29,30,2,22200
BKG01073,PKG0010,USR0263,2025-07-04,2025-07-14,10,5,74430
BKG01074,PKG0019,USR0295,2025-03-29,2025-04-03,5,4,205580
BKG01075,PKG0038,USR0194,2024-09-06,2024-09-21,15,3,259710
BKG01076,PKG0049,USR0388,2025-04-14,2025-04-24,10,2,86410
BKG01077,PKG0053,USR0349,2025-08-23,2025-09-22,30,5,159930
BKG01078,PKG0016,USR0015,2024-09-21,2024-10-21,30,2,63550
BKG01079,PKG0016,USR0035,2024-08-13,2024-12-11,120,2,75120
BKG01080,PKG0001,USR0347,2024-11-19,2024-12-19,30,3,163960
BKG01081,PKG0042,USR0212,2025-06-12,2025-07-27,45,4,195220
BKG01082,PKG0023,USR0275,2024-09-26,2024-10-11,15,3,221880
BKG01083,PKG0021,USR0128,2025-02-12,2025-06-12,120,5,64090
BKG01084,PKG0037,USR0345,2024-12-16,2024-12-26,10,3,132100
BKG01085,PKG0042,USR0039,2024-07-01,2024-07-31,30,10,436580
BKG01086,PKG0056,USR0244,2024-08-11,2024-08-26,15,6,226600
BKG01087,PKG0035,USR0294,2024-07-13,2024-09-11,60,2,8450
BKG01088,PKG0033,USR0256,2024-08-28,2024-09-12,15,4,108890
BKG01089,PKG0002,USR0377,2024-09-28,2024-10-08,10,8,73570
BKG01090,PKG0045,USR0106,2024-09-12,2025-01-10,120,3,94520
BKG01091,PKG0054,USR0317,2024-04-19,2024-04-29,10,1,26520
BKG01092,PKG0047,USR0062,2025-05-19,2025-06-18,30,2,53380
BKG01093,PKG0035,USR0315,2025-07-08,2026-01-04,180,3,13370
BKG01094,PKG0049,USR0022,2025-01-15,2025-03-01,45,2,70790
BKG01095,PKG0012,USR0318,2025-08-11,2025-08-21,10,10,514870
BKG01096,PKG0039,USR0141,2025-06-07,2025-07-07,30,1,17790
BKG01097,PKG0040,USR0144,2025-08-13,2025-09-12,30,3,53970
BKG01098,PKG0044,USR0066,2025-03-09,2025-03-24,15,8,510040
BKG01099,PKG0006,USR0245,2024-02-03,2024-02-23,20,3,27050
BKG01100,PKG0048,USR0258,2024-06-27,2024-09-25,90,2,15240
BKG01101,PKG0052,USR0235,2025-06-14,2025-06-24,10,1,11650
BKG01102,PKG0017,USR0236,2024-01-09,2024-02-08,30,3,67870
BKG01103,PKG0047,USR0007,2025-01-23,2025-04-23,90,10,275970
BKG01104,PKG0028,USR0298,2025-01-05,2025-07-04,180,4,45550
BKG01105,PKG0056,USR0314,2024-07-10,2024-09-08,60,3,90600
BKG01106,PKG0030,USR0281,2024-10-02,2024-11-01,30,10,1000860
BKG01107,PKG0022,USR0242,2024-12-17,2025-01-06,20,2,19870
BKG01108,PKG0004,USR0188,2025-03-10,2025-03-25,15,1,9900
BKG01109,PKG0015,USR0108,2025-01-16,2025-03-02,45,5,29360
BKG01110,PKG0019,USR0187,2024-10-13,2024-10-28,15,1,34020
BKG01111,PKG0020,USR0231,2024-05-14,2024-07-13,60,2,48260
BKG01112,PKG0043,USR0295,2024-04-12,2024-04-27,15,2,65460
BKG01113,PKG0026,USR0370,2024-08-29,2024-10-13,45,3,94660
BKG01114,PKG0032,USR0285,2025-01-25,2025-03-11,45,6,133020
BKG01115,PKG0020,USR0101,2024-06-02,2024-06-12,10,2,58630
BKG01116,PKG0005,USR0243,2024-06-29,2024-07-19,20,4,76600
BKG01117,PKG0020,USR0216,2025-06-13,2025-06-15,2,2,70870
BKG01118,PKG0032,USR0274,2025-05-13,2025-06-02,20,2,44140
BKG01119,PKG0019,USR0154,2025-08-04,2026-01-31,180,6,171010
BKG01120,PKG0028,USR0025,2024-06-16,2024-07-16,30,3,35560
BKG01121,PKG0055,USR0031,2024-09-17,2024-11-16,60,2,32790
BKG01122,PKG0052,USR0244,2024-04-08,2024-05-23,45,3,32840
BKG01123,PKG0028,USR0231,2024-09-23,2024-10-03,10,2,30630
BKG01124,PKG0040,USR0185,2025-07-24,2025-10-22,90,4,72680
BKG01125,PKG0046,USR0132,2025-02-25,2025-03-07,10,2,64570
BKG01126,PKG0020,USR0063,2025-09-12,2025-09-27,15,4,123480
BKG01127,PKG0040,USR0102,2025-07-05,2025-10-03,90,3,55840
BKG01128,PKG0014,USR0090,2024-10-18,2024-11-07,20,2,14970
BKG01129,PKG0046,USR0182,2025-06-06,2025-08-05,60,2,56630
BKG01130,PKG0014,USR0250,2025-04-02,2025-04-07,5,6,57980
BKG01131,PKG0042,USR0041,2024-10-20,2025-02-17,120,5,200890
BKG01132,PKG0025,USR0238,2024-05-28,2024-06-27,30,2,20910
BKG01133,PKG0003,USR0086,2024-12-11,2025-03-11,90,2,207880
BKG01134,PKG0056,USR0216,2025-08-08,2025-08-18,10,2,73730
BKG01135,PKG0047,USR0208,2024-03-14,2024-06-12,90,4,91580
BKG01136,PKG0028,USR0041,2024-08-21,2024-08-26,5,8,125730
BKG01137,PKG0050,USR0161,2024-10-25,2025-02-22,120,3,15370
BKG01138,PKG0004,USR0364,2025-02-08,2025-03-10,30,4,29970
BKG01139,PKG0017,USR0139,2025-01-06,2025-05-06,120,5,104410
BKG01140,PKG0001,USR0383,2025-04-06,2025-04-21,15,4,235750
BKG01141,PKG0048,USR0212,2024-01-24,2024-04-23,90,2,18200
BKG01142,PKG0002,USR0065,2024-09-14,2024-10-29,45,2,17990
BKG01143,PKG0029,USR0381,2024-03-22,2024-05-21,60,2,45210
BKG01144,PKG0006,USR0108,2024-04-15,2024-05-05,20,1,12470
BKG01145,PKG0033,USR0049,2025-04-29,2025-06-13,45,2,46150
BKG01146,PKG0043,USR0281,2025-02-10,2025-02-12,2,2,75750
BKG01147,PKG0049,USR0269,2024-03-26,2024-05-10,45,4,137940
BKG01148,PKG0006,USR0054,2024-06-08,2024-06-23,15,4,50410
BKG01149,PKG0026,USR0044,2025-02-03,2025-03-05,30,2,62420
BKG01150,PKG0046,USR0159,2024-10-17,2024-12-01,45,2,67720
BKG01151,PKG0036,USR0227,2024-05-14,2024-06-28,45,1,6360
BKG01152,PKG0019,USR0270,2024-01-30,2024-02-19,20,2,63270
BKG01153,PKG0038,USR0018,2024-11-29,2024-12-09,10,4,403400
BKG01154,PKG0007,USR0244,2025-07-07,2025-09-05,60,4,27010
BKG01155,PKG0011,USR0140,2024-05-18,2024-05-23,5,10,523620
BKG01156,PKG0049,USR0358,2025-08-28,2025-08-30,2,3,128570
BKG01157,PKG0002,USR0306,2025-07-31,2025-08-20,20,5,41230
BKG01158,PKG0059,USR0223,2025-06-30,2025-08-14,45,3,69710
BKG01159,PKG0027,USR0159,2025-05-08,2025-05-23,15,2,22870
BKG01160,PKG0053,USR0277,2024-04-01,2024-09-28,180,10,262320
BKG01161,PKG0015,USR0227,2025-02-26,2025-05-27,90,2,15640
BKG01162,PKG0024,USR0134,2024-01-11,2024-01-21,10,4,92120
BKG01163,PKG0014,USR0001,2024-05-19,2024-07-18,60,2,10650
BKG01164,PKG0031,USR0177,2025-07-01,2025-07-16,15,3,112860
BKG01165,PKG0050,USR0005,2025-05-18,2025-07-02,45,3,18070
BKG01166,PKG0040,USR0387,2024-01-10,2024-05-09,120,2,37300
BKG01167,PKG0050,USR0393,2024-10-26,2024-11-10,15,2,16750
BKG01168,PKG0047,USR0306,2024-01-08,2024-01-23,15,1,39830
BKG01169,PKG0025,USR0281,2025-02-25,2025-06-25,120,1,9480
BKG01170,PKG0015,USR0288,2024-09-12,2024-09-27,15,10,76960
BKG01171,PKG0051,USR0084,2025-02-03,2025-02-23,20,6,90560
BKG01172,PKG0008,USR0194,2024-03-22,2024-04-01,10,2,105490
BKG01173,PKG0023,USR0217,2025-06-13,2025-08-12,60,6,365380
BKG01174,PKG0009,USR0392,2025-09-19,2025-10-09,20,2,24410
BKG01175,PKG0001,USR0356,2024-10-18,2025-01-16,90,6,297690
BKG01176,PKG0033,USR0333,2024-10-02,2024-10-17,15,2,58720
BKG01177,PKG0031,USR0212,2024-03-11,2024-06-09,90,4,114200
BKG01178,PKG0049,USR0094,2024-04-23,2024-08-21,120,2,61870
BKG01179,PKG0041,USR0327,2025-04-08,2025-08-06,120,2,14630
BKG01180,PKG0034,USR0140,2025-05-18,2025-05-28,10,3,155910
BKG01181,PKG0016,USR0097,2024-06-04,2024-06-06,2,2,95440
BKG01182,PKG0015,USR0026,2024-01-23,2024-05-22,120,5,33910
BKG01183,PKG0057,USR0096,2024-10-15,2024-11-29,45,2,31340
BKG01184,PKG0050,USR0138,2025-03-24,2025-04-23,30,3,20200
BKG01185,PKG0022,USR0373,2024-04-02,2024-04-04,2,2,23540
BKG01186,PKG0001,USR0078,2024-08-10,2024-09-24,45,4,183770
BKG01187,PKG0014,USR0176,2025-05-25,2025-06-24,30,8,41120
BKG01188,PKG0019,USR0191,2024-02-02,2024-02-22,20,4,116860
BKG01189,PKG0030,USR0170,2024-05-29,2024-09-26,120,3,235250
BKG01190,PKG0053,USR0029,2025-02-05,2025-02-25,20,2,62630
BKG01191,PKG0021,USR0037,2024-07-04,2024-09-02,60,2,31190
BKG01192,PKG0009,USR0099,2024-09-13,2024-09-23,10,1,15180
BKG01193,PKG0010,USR0196,2024-05-04,2024-07-03,60,2,27390
BKG01194,PKG0003,USR0394,2025-01-29,2025-05-29,120,1,126100
BKG01195,PKG0001,USR0395,2024-09-10,2024-10-10,30,2,92190
BKG01196,PKG0025,USR0378,2024-07-22,2024-09-05,45,2,20180
BKG01197,PKG0036,USR0236,2024-04-06,2024-04-26,20,2,13520
BKG01198,PKG0038,USR0267,2024-08-01,2024-08-31,30,2,134850
BKG01199,PKG0032,USR0243,2024-11-15,2025-03-15,120,4,80120
BKG01200,PKG0028,USR0166,2024-02-13,2024-03-29,45,5,68210
BKG01201,PKG0048,USR0382,2025-06-17,2025-06-27,10,1,9340
BKG01202,PKG0059,USR0063,2024-11-01,2024-12-16,45,2,56790
BKG01203,PKG0054,USR0102,2024-02-23,2024-03-14,20,2,38900
BKG01204,PKG0002,USR0342,2024-04-25,2024-05-10,15,4,39180
BKG01205,PKG0038,USR0121,2024-11-28,2025-02-26,90,3,200010
BKG01206,PKG0036,USR0008,2024-10-09,2024-11-23,45,2,16270
BKG01207,PKG0014,USR0300,2024-09-05,2024-12-04,90,2,12600
BKG01208,PKG0020,USR0005,2025-08-18,2025-08-23,5,1,33040
BKG01209,PKG0016,USR0354,2025-09-02,2025-09-17,15,8,303920
BKG01210,PKG0017,USR0080,2024-04-01,2024-04-06,5,2,77990
BKG01211,PKG0013,USR0128,2024-04-03,2024-04-05,2,6,194730
BKG01212,PKG0034,USR0352,2025-10-02,2025-10-17,15,2,99300
BKG01213,PKG0002,USR0031,2024-06-06,2024-08-05,60,10,63350
BKG01214,PKG0057,USR0360,2024-04-19,2024-04-24,5,3,60040
BKG01215,PKG0014,USR0065,2024-11-20,2024-12-20,30,1,6560
BKG01216,PKG0054,USR0286,2024-12-21,2025-02-04,45,6,102920
BKG01217,PKG0022,USR0225,2024-01-22,2024-01-24,2,4,42790
BKG01218,PKG0059,USR0353,2024-05-17,2024-06-06,20,4,98380
BKG01219,PKG0027,USR0129,2025-05-11,2025-06-25,45,2,18260
BKG01220,PKG0059,USR0362,2024-10-28,2024-11-17,20,6,147380
BKG01221,PKG0038,USR0278,2024-07-13,2024-08-12,30,6,416420
BKG01222,PKG0051,USR0291,2024-12-22,2025-02-05,45,1,16060
BKG01223,PKG0036,USR0166,2024-10-08,2024-10-23,15,2,15770
BKG01224,PKG0005,USR0307,2025-07-21,2025-08-20,30,4,82700
BKG01225,PKG0027,USR0083,2024-06-07,2024-06-22,15,5,50520
BKG01226,PKG0052,USR0231,2024-09-26,2024-12-25,90,6,57550
BKG01227,PKG0053,USR0278,2024-01-01,2024-01-11,10,4,142320
BKG01228,PKG0056,USR0398,2025-01-23,2025-04-23,90,2,71520
BKG01229,PKG0053,USR0376,2024-01-20,2024-03-05,45,2,65290
BKG01230,PKG0011,USR0318,2025-09-27,2025-11-11,45,4,184620
BKG01231,PKG0037,USR0123,2024-03-05,2024-03-25,20,3,94910
BKG01232,PKG0024,USR0338,2025-01-31,2025-04-01,60,3,56530
BKG01233,PKG0025,USR0098,2025-05-24,2025-07-23,60,3,25280
BKG01234,PKG0060,USR0393,2025-09-19,2025-10-04,15,6,35300
BKG01235,PKG0032,USR0145,2024-11-25,2025-02-23,90,6,111340
BKG01236,PKG0045,USR0057,2024-03-09,2024-03-14,5,5,184380
BKG01237,PKG0020,USR0023,2024-05-12,2024-06-26,45,3,71660
BKG01238,PKG0005,USR0092,2024-07-25,2024-08-14,20,2,41160
BKG01239,PKG0008,USR0055,2024-04-11,2024-07-10,90,3,119050
BKG01240,PKG0031,USR0017,2025-02-01,2025-02-11,10,2,69940
BKG01241,PKG0020,USR0337,2025-09-30,2025-10-15,15,2,50930
BKG01242,PKG0036,USR0360,2024-02-20,2024-03-01,10,6,41710
BKG01243,PKG0047,USR0188,2024-03-13,2024-03-18,5,8,270030
BKG01244,PKG0001,USR0007,2024-08-01,2024-08-21,20,4,147770
BKG01245,PKG0020,USR0336,2024-03-22,2024-06-20,90,3,70950
BKG01246,PKG0051,USR0240,2024-03-03,2024-05-02,60,2,29960
BKG01247,PKG0015,USR0185,2025-03-01,2025-06-29,120,2,10710
BKG01248,PKG0038,USR0189,2024-02-29,2024-06-28,120,2,123230
BKG01249,PKG0052,USR0316,2024-02-11,2024-05-11,90,5,48560
BKG01250,PKG0023,USR0376,2024-11-07,2024-12-22,45,2,163400
BKG01251,PKG0049,USR0040,2025-06-15,2025-07-30,45,4,106840
BKG01252,PKG0019,USR0050,2024-08-24,2024-10-08,45,4,109250
BKG01253,PKG0060,USR0273,2024-07-16,2024-10-14,90,2,10010
BKG01254,PKG0024,USR0270,2025-08-06,2025-08-08,2,5,109110
BKG01255,PKG0005,USR0321,2025-07-25,2025-08-04,10,6,155650
BKG01256,PKG0060,USR0384,2024-04-18,2024-06-02,45,5,26470
BKG01257,PKG0034,USR0393,2025-01-01,2025-04-01,90,4,157360
BKG01258,PKG0056,USR0346,2025-03-13,2025-03-15,2,2,89600
BKG01259,PKG0021,USR0054,2024-07-03,2024-07-18,15,3,62310
BKG01260,PKG0044,USR0282,2024-12-11,2024-12-26,15,4,301130
BKG01261,PKG0047,USR0337,2025-09-06,2026-01-04,120,2,50330
BKG01262,PKG0020,USR0227,2024-11-18,2024-11-28,10,4,147850
BKG01263,PKG0022,USR0282,2024-11-28,2024-12-28,30,6,47260
BKG01264,PKG0024,USR0191,2025-03-16,2025-03-21,5,4,85520
BKG01265,PKG0008,USR0372,2024-09-03,2024-12-02,90,3,120050
BKG01266,PKG0045,USR0289,2025-01-19,2025-01-24,5,2,96140
BKG01267,PKG0018,USR0393,2024-09-17,2024-10-17,30,2,29490
BKG01268,PKG0017,USR0185,2025-04-03,2025-04-18,15,2,64950
BKG01269,PKG0019,USR0204,2024-02-05,2024-02-07,2,2,78560
BKG01270,PKG0014,USR0146,2025-06-14,2025-07-04,20,3,19380
BKG01271,PKG0056,USR0070,2024-11-05,2024-12-05,30,4,151300
BKG01272,PKG0038,USR0004,2024-08-15,2024-08-30,15,1,70980
BKG01273,PKG0001,USR0110,2024-01-23,2024-01-28,5,2,144950
BKG01274,PKG0032,USR0396,2024-10-09,2025-01-07,90,4,94590
BKG01275,PKG0043,USR0284,2025-08-07,2025-10-06,60,4,98520
BKG01276,PKG0039,USR0293,2024-02-08,2024-04-08,60,1,19720
BKG01277,PKG0028,USR0236,2024-05-21,2024-08-19,90,2,21630
BKG01278,PKG0021,USR0136,2025-08-19,2025-09-08,20,10,162770
BKG01279,PKG0044,USR0128,2024-11-03,2024-11-08,5,1,89790
BKG01280,PKG0031,USR0048,2025-08-05,2025-09-04,30,2,61380
BKG01281,PKG0056,USR0112,2024-11-28,2025-01-12,45,2,85460
BKG01282,PKG0057,USR0248,2025-08-13,2025-08-23,10,1,16460
BKG01283,PKG0047,USR0049,2024-11-03,2025-03-03,120,3,63400
BKG01284,PKG0010,USR0020,2025-08-13,2025-08-15,2,4,83000
BKG01285,PKG0059,USR0196,2024-02-27,2024-03-03,5,6,176240
BKG01286,PKG0008,USR0395,2025-03-20,2025-04-19,30,2,104210
BKG01287,PKG0056,USR0214,2024-05-03,2024-05-05,2,5,289390
BKG01288,PKG0038,USR0395,2025-09-08,2026-03-07,180,2,121970
BKG01289,PKG0051,USR0006,2025-01-26,2025-05-26,120,5,73310
BKG01290,PKG0014,USR0028,2024-02-12,2024-02-22,10,1,7100
BKG01291,PKG0015,USR0164,2024-06-02,2024-06-17,15,3,21140
BKG01292,PKG0017,USR0168,2024-08-14,2024-08-19,5,6,163190
BKG01293,PKG0024,USR0079,2025-02-06,2025-02-26,20,1,19930
BKG01294,PKG0051,USR0229,2025-08-12,2025-08-27,15,1,18160
BKG01295,PKG0048,USR0259,2025-03-18,2025-04-02,15,6,65760
BKG01296,PKG0042,USR0149,2024-05-31,2024-06-20,20,2,97330
BKG01297,PKG0043,USR0068,2025-05-02,2025-07-31,90,8,176480
BKG01298,PKG0022,USR0293,2025-07-15,2025-07-25,10,1,8160
BKG01299,PKG0053,USR0205,2025-02-12,2025-05-13,90,6,171050
BKG01300,PKG0003,USR0257,2024-05-13,2024-05-23,10,2,368300
BKG01301,PKG0025,USR0391,2025-07-26,2025-08-15,20,4,41950
BKG01302,PKG0028,USR0102,2025-08-08,2025-08-23,15,2,28230
BKG01303,PKG0007,USR0101,2025-06-20,2025-07-10,20,4,28760
BKG01304,PKG0054,USR0127,2024-09-29,2024-10-29,30,8,150980
BKG01305,PKG0027,USR0398,2025-08-12,2026-02-08,180,8,54420
BKG01306,PKG0017,USR0046,2025-02-27,2025-03-04,5,4,117280
BKG01307,PKG0018,USR0217,2024-07-14,2024-08-13,30,2,28010
BKG01308,PKG0015,USR0165,2024-01-25,2024-04-24,90,3,22000
BKG01309,PKG0020,USR0395,2024-12-24,2025-03-24,90,3,66200
BKG01310,PKG0050,USR0316,2025-03-28,2025-04-07,10,2,16650
BKG01311,PKG0058,USR0320,2024-02-15,2024-03-16,30,4,90370
BKG01312,PKG0057,USR0120,2025-01-17,2025-01-22,5,2,40590
BKG01313,PKG0038,USR0080,2024-03-28,2024-04-27,30,4,323100
BKG01314,PKG0052,USR0058,2024-09-05,2024-10-20,45,2,19480
BKG01315,PKG0045,USR0318,2024-10-21,2024-12-05,45,2,72840
BKG01316,PKG0052,USR0008,2024-04-23,2024-06-22,60,2,17900
BKG01317,PKG0007,USR0157,2024-01-24,2024-03-24,60,2,16230
BKG01318,PKG0052,USR0170,2025-07-04,2025-07-14,10,4,41700
BKG01319,PKG0052,USR0109,2025-06-19,2025-06-21,2,2,23920
BKG01320,PKG0059,USR0385,2025-05-09,2025-08-07,90,5,97770
BKG01321,PKG0021,USR0319,2024-05-24,2024-08-22,90,1,18150
BKG01322,PKG0037,USR0356,2024-01-19,2024-02-18,30,2,72770
BKG01323,PKG0033,USR0193,2025-06-23,2025-07-13,20,1,26260
BKG01324,PKG0025,USR0023,2024-03-02,2024-04-01,30,2,29110
BKG01325,PKG0009,USR0146,2025-09-24,2025-10-09,15,4,55650
BKG01326,PKG0036,USR0139,2024-01-09,2024-01-24,15,4,34330
BKG01327,PKG0014,USR0035,2024-10-04,2024-11-03,30,10,70510
BKG01328,PKG0048,USR0340,2025-01-03,2025-02-02,30,5,39390
BKG01329,PKG0008,USR0056,2025-01-30,2025-02-14,15,2,94090
BKG01330,PKG0034,USR0119,2025-06-04,2025-06-14,10,6,277080
BKG01331,PKG0023,USR0364,2024-11-19,2025-03-19,120,4,224780
BKG01332,PKG0048,USR0249,2025-06-28,2025-07-13,15,2,18470
BKG01333,PKG0017,USR0046,2025-05-27,2025-09-24,120,2,35420
BKG01334,PKG0060,USR0235,2024-01-23,2024-04-22,90,2,11300
BKG01335,PKG0004,USR0021,2025-06-26,2025-07-11,15,4,36390
BKG01336,PKG0059,USR0157,2025-02-06,2025-02-16,10,4,103220
BKG01337,PKG0024,USR0382,2024-12-21,2024-12-26,5,2,59360
BKG01338,PKG0019,USR0351,2025-10-02,2025-10-17,15,4,137120
BKG01339,PKG0038,USR0155,2025-05-28,2025-07-12,45,6,367300
BKG01340,PKG0051,USR0142,2025-10-02,2025-12-01,60,2,34220
BKG01341,PKG0020,USR0132,2024-01-31,2024-03-16,45,1,24100
BKG01342,PKG0016,USR0285,2024-08-18,2024-11-16,90,1,37350
BKG01343,PKG0016,USR0078,2025-02-06,2025-06-06,120,5,134560
BKG01344,PKG0018,USR0337,2025-01-26,2025-02-25,30,3,39480
BKG01345,PKG0013,USR0267,2025-09-19,2025-11-18,60,3,76490
BKG01346,PKG0040,USR0321,2025-03-03,2025-06-01,90,5,87480
BKG01347,PKG0010,USR0124,2025-03-12,2025-04-11,30,2,34130
BKG01348,PKG0060,USR0160,2024-12-03,2024-12-08,5,1,8730
BKG01349,PKG0059,USR0230,2024-07-30,2024-09-13,45,6,131200
BKG01350,PKG0038,USR0335,2025-07-08,2025-11-05,120,3,197160
BKG01351,PKG0015,USR0351,2024-05-21,2024-08-19,90,4,24130
BKG01352,PKG0043,USR0159,2025-06-20,2025-07-05,15,6,173250
BKG01353,PKG0051,USR0070,2024-05-28,2024-06-12,15,2,31610
BKG01354,PKG0010,USR0336,2024-06-10,2024-08-09,60,10,118830
BKG01355,PKG0030,USR0163,2025-06-29,2025-07-29,30,2,195790
BKG01356,PKG0014,USR0369,2024-11-21,2024-12-11,20,10,59990
BKG01357,PKG0054,USR0075,2024-11-22,2025-01-06,45,6,125570
BKG01358,PKG0056,USR0212,2024-11-06,2025-02-04,90,10,276900
BKG01359,PKG0019,USR0227,2024-10-07,2025-02-04,120,2,49210
BKG01360,PKG0032,USR0078,2024-04-19,2024-07-18,90,1,22490
BKG01361,PKG0031,USR0068,2025-09-18,2025-09-28,10,2,72580
BKG01362,PKG0034,USR0316,2025-08-03,2025-08-08,5,4,221480
BKG01363,PKG0049,USR0314,2024-08-25,2024-10-24,60,5,132760
BKG01364,PKG0058,USR0119,2025-01-02,2025-02-16,45,6,135700
BKG01365,PKG0025,USR0041,2025-05-03,2025-05-08,5,1,18570
BKG01366,PKG0016,USR0069,2025-09-11,2025-10-11,30,3,108150
BKG01367,PKG0027,USR0241,2025-01-17,2025-03-03,45,6,52370
BKG01368,PKG0056,USR0095,2025-05-18,2025-07-02,45,1,31110
BKG01369,PKG0058,USR0243,2024-07-16,2024-08-15,30,4,90320
BKG01370,PKG0036,USR0116,2024-01-16,2024-01-31,15,4,34730
BKG01371,PKG0016,USR0139,2024-08-15,2024-08-25,10,1,38420
BKG01372,PKG0052,USR0381,2024-07-26,2024-08-25,30,1,8820
BKG01373,PKG0031,USR0388,2024-06-30,2024-07-15,15,4,128520
BKG01374,PKG0037,USR0225,2025-05-16,2025-06-30,45,4,139060
BKG01375,PKG0051,USR0353,2025-04-13,2025-06-12,60,2,25460
BKG01376,PKG0003,USR0127,2024-02-12,2024-02-27,15,5,646480
BKG01377,PKG0045,USR0312,2025-01-24,2025-02-08,15,4,141940
BKG01378,PKG0056,USR0369,2025-09-18,2025-11-02,45,2,79290
BKG01379,PKG0035,USR0381,2025-07-03,2025-09-01,60,3,12670
BKG01380,PKG0051,USR0269,2024-02-09,2024-06-08,120,2,25340
BKG01381,PKG0046,USR0267,2025-04-12,2025-06-11,60,2,51670
BKG01382,PKG0019,USR0022,2024-09-08,2024-09-18,10,2,77040
BKG01383,PKG0008,USR0266,2024-02-10,2024-02-15,5,1,55890
BKG01384,PKG0006,USR0286,2024-02-20,2024-05-20,90,6,65440
BKG01385,PKG0048,USR0098,2025-02-11,2025-02-26,15,4,31790
BKG01386,PKG0035,USR0156,2024-10-19,2025-02-16,120,4,15510
BKG01387,PKG0031,USR0237,2024-10-28,2024-11-02,5,5,229760
BKG01388,PKG0022,USR0314,2025-06-13,2025-09-11,90,2,13470
BKG01389,PKG0037,USR0073,2025-04-07,2025-04-27,20,4,174440
BKG01390,PKG0017,USR0047,2024-04-25,2024-05-15,20,4,101040
BKG01391,PKG0022,USR0093,2025-07-13,2025-08-02,20,2,15460
BKG01392,PKG0042,USR0070,2024-11-27,2025-02-25,90,2,87470
BKG01393,PKG0034,USR0231,2025-04-09,2025-05-24,45,3,136390
BKG01394,PKG0022,USR0303,2024-07-25,2024-08-09,15,2,17220
BKG01395,PKG0047,USR0233,2024-11-27,2024-12-07,10,4,153090
BKG01396,PKG0037,USR0355,2024-06-16,2024-06-21,5,2,100020
BKG01397,PKG0011,USR0368,2024-04-03,2024-09-30,180,2,61890
BKG01398,PKG0017,USR0059,2025-01-06,2025-04-06,90,10,208260
BKG01399,PKG0049,USR0044,2025-01-28,2025-03-14,45,2,60090
BKG01400,PKG0033,USR0373,2025-06-07,2025-06-17,10,4,123810
BKG01401,PKG0031,USR0314,2025-01-22,2025-02-06,15,6,228910
BKG01402,PKG0010,USR0282,2024-06-23,2024-07-23,30,3,45490
BKG01403,PKG0041,USR0172,2024-06-02,2024-06-07,5,2,22870
BKG01404,PKG0040,USR0084,2024-07-02,2024-09-30,90,8,142350
BKG01405,PKG0009,USR0394,2025-03-05,2025-06-03,90,2,23050
BKG01406,PKG0004,USR0158,2025-04-01,2025-05-01,30,2,22550
BKG01407,PKG0033,USR0148,2024-04-30,2024-07-29,90,4,86180
BKG01408,PKG0049,USR0068,2024-01-04,2024-05-03,120,1,29720
BKG01409,PKG0046,USR0319,2024-01-13,2024-01-23,10,1,39480
BKG01410,PKG0025,USR0235,2025-05-25,2025-06-14,20,6,61210
BKG01411,PKG0020,USR0279,2025-09-14,2025-09-24,10,6,166800
BKG01412,PKG0029,USR0253,2025-08-25,2025-12-23,120,2,42880
BKG01413,PKG0001,USR0338,2025-02-23,2025-02-28,5,2,133400
BKG01414,PKG0053,USR0227,2025-09-06,2025-09-16,10,2,75060
BKG01415,PKG0039,USR0004,2025-07-14,2025-08-03,20,6,97040
BKG01416,PKG0059,USR0143,2025-07-24,2025-10-22,90,2,39970
BKG01417,PKG0004,USR0107,2024-05-31,2024-06-15,15,2,20630
BKG01418,PKG0057,USR0029,2024-02-07,2024-04-07,60,2,31310
BKG01419,PKG0004,USR0075,2025-08-14,2025-08-16,2,2,21680
BKG01420,PKG0021,USR0309,2024-03-30,2024-04-29,30,6,121500
BKG01421,PKG0022,USR0026,2024-07-01,2024-08-15,45,10,67510
BKG01422,PKG0002,USR0083,2025-09-17,2025-10-02,15,5,48590
BKG01423,PKG0015,USR0339,2025-09-01,2025-10-01,30,5,31450
BKG01424,PKG0025,USR0294,2024-06-30,2024-07-15,15,6,68210
BKG01425,PKG0015,USR0234,2025-01-03,2025-02-02,30,2,12340
BKG01426,PKG0040,USR0019,2024-11-02,2024-11-04,2,5,157660
BKG01427,PKG0017,USR0166,2025-01-23,2025-02-02,10,10,239110
BKG01428,PKG0056,USR0035,2025-07-17,2025-08-31,45,2,75970
BKG01429,PKG0016,USR0034,2024-05-17,2024-07-16,60,2,58190
BKG01430,PKG0051,USR0063,2024-10-08,2024-12-07,60,2,31930
BKG01431,PKG0001,USR0169,2025-06-21,2025-08-20,60,8,272470
BKG01432,PKG0028,USR0108,2025-09-18,2025-11-17,60,3,40730
BKG01433,PKG0034,USR0030,2025-06-25,2025-07-15,20,4,171280
BKG01434,PKG0006,USR0045,2025-09-11,2025-09-16,5,4,53920
BKG01435,PKG0031,USR0362,2025-09-15,2025-09-20,5,8,299420
BKG01436,PKG0004,USR0163,2025-08-11,2025-08-31,20,2,19580
BKG01437,PKG0018,USR0320,2024-05-12,2024-06-01,20,2,26980
BKG01438,PKG0020,USR0315,2025-06-16,2025-07-16,30,1,24030
BKG01439,PKG0014,USR0374,2025-05-19,2025-06-18,30,2,12830
BKG01440,PKG0005,USR0093,2024-08-26,2024-09-25,30,2,45660
BKG01441,PKG0028,USR0363,2024-07-17,2024-08-31,45,8,92380
BKG01442,PKG0048,USR0001,2025-04-21,2025-05-11,20,2,19240
BKG01443,PKG0008,USR0321,2024-07-31,2024-08-15,15,3,143220
BKG01444,PKG0055,USR0316,2025-02-27,2025-05-28,90,1,16970
BKG01445,PKG0002,USR0024,2025-07-27,2025-08-16,20,2,15780
BKG01446,PKG0002,USR0327,2024-07-25,2024-09-08,45,2,15770
BKG01447,PKG0038,USR0354,2024-03-10,2024-04-09,30,8,628930
BKG01448,PKG0031,USR0158,2025-07-17,2025-07-22,5,3,107710
BKG01449,PKG0014,USR0166,2024-04-26,2024-10-23,180,4,16940
BKG01450,PKG0032,USR0352,2025-02-09,2025-05-10,90,4,99770
BKG01451,PKG0057,USR0371,2024-01-30,2024-05-29,120,3,42000
BKG01452,PKG0030,USR0090,2024-12-12,2024-12-17,5,2,295540
BKG01453,PKG0034,USR0345,2025-04-30,2025-06-14,45,2,80210
BKG01454,PKG0030,USR0019,2025-05-08,2025-05-23,15,2,267280
BKG01455,PKG0018,USR0080,2025-07-03,2025-08-02,30,6,75750
BKG01456,PKG0023,USR0172,2025-02-27,2025-03-19,20,6,363640
BKG01457,PKG0028,USR0381,2025-06-17,2025-09-15,90,2,21700
BKG01458,PKG0019,USR0154,2024-11-19,2025-01-03,45,2,73960
BKG01459,PKG0028,USR0285,2024-08-01,2024-10-30,90,2,25070
BKG01460,PKG0055,USR0296,2024-12-28,2025-04-27,120,4,56030
BKG01461,PKG0010,USR0034,2024-10-14,2024-12-13,60,2,29900
BKG01462,PKG0038,USR0016,2025-01-19,2025-01-29,10,1,98550
BKG01463,PKG0054,USR0321,2024-06-18,2024-06-23,5,2,51000
BKG01464,PKG0016,USR0293,2024-07-10,2024-07-25,15,4,137130
BKG01465,PKG0041,USR0305,2024-11-11,2024-11-21,10,8,87110
BKG01466,PKG0042,USR0362,2024-02-02,2024-05-02,90,5,236410
BKG01467,PKG0015,USR0140,2025-05-23,2025-06-07,15,2,14400
BKG01468,PKG0059,USR0122,2024-11-05,2024-11-20,15,5,157160
BKG01469,PKG0022,USR0111,2024-06-28,2024-08-27,60,8,50320
BKG01470,PKG0034,USR0058,2024-02-08,2024-05-08,90,2,95400
BKG01471,PKG0033,USR0399,2024-04-04,2024-04-24,20,5,148810
BKG01472,PKG0014,USR0228,2025-05-09,2025-05-29,20,2,13870
BKG01473,PKG0056,USR0257,2024-12-14,2025-01-03,20,4,163810
BKG01474,PKG0043,USR0248,2025-06-20,2025-06-30,10,4,107370
BKG01475,PKG0008,USR0159,2024-05-26,2024-09-23,120,3,98410
BKG01476,PKG0058,USR0394,2025-06-12,2025-08-11,60,4,92770
BKG01477,PKG0028,USR0347,2024-07-29,2024-11-26,120,2,24590
BKG01478,PKG0010,USR0371,2025-01-31,2025-02-20,20,2,28330
BKG01479,PKG0015,USR0366,2024-04-28,2024-05-18,20,5,40400
BKG01480,PKG0003,USR0003,2024-02-15,2024-05-15,90,2,268540
BKG01481,PKG0033,USR0352,2024-03-30,2024-06-28,90,2,43100
BKG01482,PKG0050,USR0171,2024-02-17,2024-03-08,20,2,12260
BKG01483,PKG0031,USR0053,2024-11-15,2024-11-20,5,2,94950
BKG01484,PKG0014,USR0012,2024-11-15,2024-12-05,20,8,47280
BKG01485,PKG0002,USR0328,2024-11-24,2025-03-24,120,3,21140
BKG01486,PKG0031,USR0103,2024-10-10,2024-11-24,45,6,196030
BKG01487,PKG0059,USR0273,2025-03-27,2025-04-16,20,2,55270
BKG01488,PKG0037,USR0344,2024-06-01,2024-06-21,20,1,36130
BKG01489,PKG0008,USR0081,2024-01-16,2024-01-26,10,2,112500
BKG01490,PKG0054,USR0319,2024-04-14,2024-04-29,15,2,50300
BKG01491,PKG0007,USR0106,2025-07-16,2025-08-05,20,1,7950
BKG01492,PKG0036,USR0164,2024-10-17,2024-11-06,20,2,14040
BKG01493,PKG0035,USR0294,2024-03-13,2024-04-27,45,3,17640
BKG01494,PKG0037,USR0160,2024-12-12,2025-01-26,45,4,172990
BKG01495,PKG0027,USR0277,2024-05-13,2024-05-28,15,1,12430
BKG01496,PKG0023,USR0015,2024-02-21,2024-03-02,10,1,80900
BKG01497,PKG0037,USR0055,2024-03-29,2024-05-13,45,3,133160
BKG01498,PKG0053,USR0219,2025-09-02,2025-09-12,10,1,33060
BKG01499,PKG0059,USR0304,2025-04-01,2025-05-01,30,2,57090
BKG01500,PKG0052,USR0316,2024-12-06,2025-03-06,90,3,26260
BKG01501,PKG0034,USR0102,2025-06-30,2025-12-27,180,2,86580
BKG01502,PKG0006,USR0041,2025-04-21,2025-08-19,120,2,15290
BKG01503,PKG0034,USR0291,2025-04-24,2025-05-14,20,4,171460
BKG01504,PKG0020,USR0050,2025-04-21,2025-05-06,15,8,258180
BKG01505,PKG0036,USR0241,2024-08-17,2024-09-16,30,2,12510
BKG01506,PKG0029,USR0074,2025-09-23,2025-09-28,5,10,265310
BKG01507,PKG0006,USR0133,2025-02-05,2025-03-07,30,5,48580
BKG01508,PKG0050,USR0094,2024-12-04,2025-03-04,90,8,41680
BKG01509,PKG0049,USR0167,2024-01-31,2024-03-16,45,10,248630
BKG01510,PKG0014,USR0034,2024-12-25,2025-02-08,45,1,6100
BKG01511,PKG0015,USR0246,2024-06-23,2024-07-08,15,4,33620
BKG01512,PKG0050,USR0145,2025-09-10,2025-12-09,90,1,7110
BKG01513,PKG0004,USR0295,2024-04-15,2024-04-30,15,10,104060
BKG01514,PKG0005,USR0208,2024-04-19,2024-04-21,2,3,89340
BKG01515,PKG0042,USR0167,2024-03-13,2024-09-09,180,2,83170
BKG01516,PKG0045,USR0155,2025-02-14,2025-02-19,5,3,118200
BKG01517,PKG0025,USR0303,2025-09-27,2025-10-07,10,4,47430
BKG01518,PKG0006,USR0125,2025-05-08,2025-05-23,15,6,78380
BKG01519,PKG0031,USR0197,2024-08-01,2024-08-21,20,2,60170
BKG01520,PKG0041,USR0356,2025-03-21,2025-05-20,60,2,20150
BKG01521,PKG0049,USR0291,2025-07-11,2025-07-26,15,4,146420
BKG01522,PKG0020,USR0356,2024-03-20,2024-05-04,45,8,207630
BKG01523,PKG0040,USR0379,2025-08-10,2025-08-15,5,2,60020
BKG01524,PKG0052,USR0250,2025-09-02,2025-09-17,15,8,88220
BKG01525,PKG0036,USR0238,2024-04-09,2024-04-14,5,10,83680
BKG01526,PKG0019,USR0228,2025-02-19,2025-03-21,30,2,57560
BKG01527,PKG0031,USR0036,2025-09-02,2025-11-01,60,2,69470
BKG01528,PKG0020,USR0395,2024-12-01,2025-01-30,60,4,108610
BKG01529,PKG0045,USR0254,2024-03-03,2024-03-08,5,4,155040
BKG01530,PKG0016,USR0047,2024-05-22,2024-11-18,180,5,166890
BKG01531,PKG0005,USR0298,2024-01-01,2024-01-21,20,4,97980
BKG01532,PKG0031,USR0388,2024-06-01,2024-06-21,20,2,65490
BKG01533,PKG0042,USR0232,2025-02-03,2025-02-05,2,6,355550
BKG01534,PKG0023,USR0316,2024-07-19,2024-09-02,45,1,71130
BKG01535,PKG0023,USR0106,2024-11-20,2024-11-25,5,6,644100
BKG01536,PKG0008,USR0154,2024-11-07,2024-12-22,45,4,165680
BKG01537,PKG0016,USR0223,2024-12-18,2024-12-23,5,2,95590
BKG01538,PKG0056,USR0046,2025-09-18,2025-10-18,30,2,65570
BKG01539,PKG0005,USR0262,2024-05-10,2024-05-12,2,8,273890
BKG01540,PKG0045,USR0151,2025-07-16,2025-07-26,10,4,144770
BKG01541,PKG0053,USR0028,2025-07-27,2025-08-26,30,6,142950
BKG01542,PKG0031,USR0184,2024-10-15,2024-11-29,45,2,68280
BKG01543,PKG0013,USR0016,2025-08-27,2025-08-29,2,3,91940
BKG01544,PKG0009,USR0202,2025-01-26,2025-04-26,90,2,27960
BKG01545,PKG0018,USR0208,2025-07-12,2025-07-22,10,2,30970
BKG01546,PKG0037,USR0109,2025-05-01,2025-05-03,2,5,252500
BKG01547,PKG0024,USR0072,2025-01-28,2025-02-27,30,2,32690
BKG01548,PKG0018,USR0185,2024-06-06,2024-06-11,5,3,57200
BKG01549,PKG0059,USR0148,2024-05-08,2024-05-28,20,2,53780
BKG01550,PKG0044,USR0069,2024-01-17,2024-01-19,2,2,173350
BKG01551,PKG0018,USR0074,2025-05-13,2025-06-12,30,2,26820
BKG01552,PKG0010,USR0337,2024-05-19,2024-05-29,10,2,39310
BKG01553,PKG0028,USR0044,2025-03-01,2025-04-15,45,3,48130
BKG01554,PKG0017,USR0234,2025-09-10,2025-09-20,10,2,57480
BKG01555,PKG0024,USR0218,2025-04-10,2025-04-20,10,5,132660
BKG01556,PKG0001,USR0261,2025-04-05,2025-04-10,5,1,74990
BKG01557,PKG0030,USR0197,2024-07-09,2024-08-08,30,2,198880
BKG01558,PKG0002,USR0218,2025-08-14,2025-09-28,45,5,42000
BKG01559,PKG0019,USR0256,2024-08-30,2024-09-29,30,1,29500
BKG01560,PKG0020,USR0365,2025-02-24,2025-03-26,30,2,51740
BKG01561,PKG0017,USR0280,2024-02-04,2024-03-20,45,2,43220
BKG01562,PKG0034,USR0020,2025-01-12,2025-02-01,20,6,255340
BKG01563,PKG0051,USR0058,2024-03-22,2024-05-06,45,3,57770
BKG01564,PKG0008,USR0073,2025-06-23,2025-06-28,5,2,102990
BKG01565,PKG0043,USR0385,2025-04-21,2025-10-18,180,2,48880
BKG01566,PKG0002,USR0265,2025-09-16,2025-10-01,15,1,10860
BKG01567,PKG0030,USR0046,2024-03-20,2024-07-18,120,2,161810
BKG01568,PKG0051,USR0351,2025-08-16,2025-09-15,30,5,69770
BKG01569,PKG0058,USR0160,2024-12-17,2024-12-22,5,6,203140
BKG01570,PKG0020,USR0274,2025-04-25,2025-05-05,10,2,64980
BKG01571,PKG0049,USR0233,2025-04-25,2025-05-25,30,6,213190
BKG01572,PKG0042,USR0294,2025-03-07,2025-03-12,5,6,373590
BKG01573,PKG0047,USR0181,2024-10-28,2024-10-30,2,2,70850
BKG01574,PKG0044,USR0149,2025-09-03,2025-11-02,60,1,69740
BKG01575,PKG0043,USR0384,2025-07-31,2025-08-02,2,2,83640
BKG01576,PKG0018,USR0134,2025-04-29,2025-06-13,45,4,53220
BKG01577,PKG0052,USR0297,2024-02-22,2024-03-08,15,6,72720
BKG01578,PKG0052,USR0337,2025-10-01,2025-10-06,5,3,44910
BKG01579,PKG0029,USR0014,2024-03-25,2024-05-24,60,5,116850
BKG01580,PKG0015,USR0065,2024-10-11,2024-11-25,45,2,16910
BKG01581,PKG0008,USR0130,2024-10-14,2025-02-11,120,2,68270
BKG01582,PKG0022,USR0141,2024-01-15,2024-03-15,60,4,26440
BKG01583,PKG0020,USR0380,2024-06-27,2024-07-17,20,2,50410
BKG01584,PKG0052,USR0303,2025-04-02,2025-04-22,20,2,26230
BKG01585,PKG0060,USR0190,2024-09-24,2024-10-04,10,2,13200
BKG01586,PKG0031,USR0359,2024-07-04,2024-07-24,20,4,115190
BKG01587,PKG0060,USR0271,2024-12-17,2025-01-06,20,1,7460
BKG01588,PKG0038,USR0044,2025-09-01,2025-12-30,120,1,79800
BKG01589,PKG0003,USR0079,2025-02-26,2025-03-28,30,3,340340
BKG01590,PKG0025,USR0395,2025-03-26,2025-06-24,90,3,26740
BKG01591,PKG0041,USR0372,2024-08-03,2025-01-30,180,8,62980
BKG01592,PKG0020,USR0296,2024-12-19,2025-01-03,15,2,66670
BKG01593,PKG0042,USR0028,2024-04-28,2024-08-26,120,4,160340
BKG01594,PKG0050,USR0027,2025-02-12,2025-02-22,10,3,21840
BKG01595,PKG0025,USR0244,2025-06-29,2025-08-28,60,8,63870
BKG01596,PKG0023,USR0120,2025-02-03,2025-02-23,20,5,322700
BKG01597,PKG0007,USR0243,2025-06-27,2025-07-07,10,2,19950
BKG01598,PKG0059,USR0223,2025-04-04,2025-04-14,10,10,307810
BKG01599,PKG0024,USR0196,2025-06-26,2025-07-06,10,8,150010
BKG01600,PKG0060,USR0350,2024-04-09,2024-05-09,30,2,12060
BKG01601,PKG0003,USR0273,2025-03-18,2025-04-07,20,2,282310
BKG01602,PKG0044,USR0313,2024-10-06,2025-04-04,180,5,281320
BKG01603,PKG0007,USR0172,2024-04-10,2024-04-25,15,2,22700
BKG01604,PKG0022,USR0131,2025-02-04,2025-05-05,90,3,25090
BKG01605,PKG0016,USR0237,2024-09-04,2024-10-19,45,2,73930
BKG01606,PKG0036,USR0376,2024-07-18,2024-07-28,10,2,14290
BKG01607,PKG0039,USR0267,2024-07-03,2024-08-02,30,5,79550
BKG01608,PKG0054,USR0161,2024-01-09,2024-02-23,45,5,94120
BKG01609,PKG0032,USR0035,2024-04-10,2024-04-30,20,4,115110
BKG01610,PKG0028,USR0269,2025-04-01,2025-05-01,30,4,61790
BKG01611,PKG0008,USR0180,2024-10-17,2024-10-27,10,1,46990
BKG01612,PKG0031,USR0129,2024-01-25,2024-01-27,2,4,183860
BKG01613,PKG0048,USR0318,2025-08-31,2025-09-02,2,4,45570
BKG01614,PKG0052,USR0337,2024-08-10,2024-10-09,60,4,31800
BKG01615,PKG0008,USR0307,2024-05-02,2024-08-30,120,2,63200
BKG01616,PKG0041,USR0045,2024-05-13,2024-06-02,20,2,17450
BKG01617,PKG0059,USR0193,2025-08-02,2025-09-16,45,5,110140
BKG01618,PKG0005,USR0095,2024-07-07,2024-11-04,120,5,108580
BKG01619,PKG0036,USR0130,2024-03-18,2024-07-16,120,4,19420
BKG01620,PKG0012,USR0328,2024-10-10,2024-10-15,5,2,126210
BKG01621,PKG0057,USR0394,2024-11-27,2024-12-12,15,6,113830
BKG01622,PKG0006,USR0132,2024-03-16,2024-05-15,60,3,36510
BKG01623,PKG0002,USR0142,2025-01-26,2025-02-25,30,6,42360
BKG01624,PKG0028,USR0199,2024-03-02,2024-08-29,180,2,22180
BKG01625,PKG0053,USR0133,2024-09-28,2024-10-28,30,3,102470
BKG01626,PKG0055,USR0092,2025-05-18,2025-09-15,120,6,73490
BKG01627,PKG0048,USR0103,2024-07-01,2024-08-30,60,3,20260
BKG01628,PKG0038,USR0331,2024-05-27,2024-07-11,45,2,144350
BKG01629,PKG0012,USR0277,2024-08-11,2024-08-31,20,4,193390
BKG01630,PKG0017,USR0315,2025-03-28,2025-06-26,90,4,78030
BKG01631,PKG0059,USR0367,2024-02-05,2024-02-15,10,3,85720
BKG01632,PKG0017,USR0038,2024-09-13,2024-10-28,45,2,46000
BKG01633,PKG0031,USR0398,2025-05-24,2025-09-21,120,4,113750
BKG01634,PKG0015,USR0077,2024-01-01,2024-01-21,20,4,33460
BKG01635,PKG0014,USR0020,2024-09-29,2024-10-29,30,1,6510
BKG01636,PKG0030,USR0078,2025-02-04,2025-03-21,45,2,193060
BKG01637,PKG0019,USR0295,2025-05-17,2025-07-16,60,4,106760
BKG01638,PKG0035,USR0245,2024-03-12,2024-04-01,20,2,11640
BKG01639,PKG0041,USR0277,2025-01-28,2025-02-02,5,2,26000
BKG01640,PKG0002,USR0353,2025-05-08,2025-05-13,5,2,23420
BKG01641,PKG0037,USR0063,2025-01-02,2025-01-22,20,2,86710
BKG01642,PKG0045,USR0171,2025-02-14,2025-05-15,90,8,262680
BKG01643,PKG0016,USR0029,2024-04-02,2024-07-31,120,3,78310
BKG01644,PKG0033,USR0188,2024-12-14,2024-12-29,15,1,35330
BKG01645,PKG0052,USR0042,2024-10-23,2024-11-12,20,5,53290
BKG01646,PKG0003,USR0332,2025-07-21,2025-08-05,15,4,563090
BKG01647,PKG0051,USR0021,2024-07-14,2024-08-28,45,2,33160
BKG01648,PKG0025,USR0154,2024-04-19,2024-05-04,15,2,30040
BKG01649,PKG0030,USR0323,2025-05-13,2025-05-23,10,2,231990
BKG01650,PKG0043,USR0044,2025-03-24,2025-05-23,60,2,61930
BKG01651,PKG0022,USR0377,2024-02-06,2024-04-06,60,3,27160
BKG01652,PKG0031,USR0099,2025-08-30,2025-09-29,30,2,67860
BKG01653,PKG0034,USR0123,2024-03-05,2024-03-07,2,5,240170
BKG01654,PKG0056,USR0277,2025-05-26,2025-06-15,20,4,134080
BKG01655,PKG0041,USR0274,2025-04-05,2025-08-03,120,5,38820
BKG01656,PKG0002,USR0009,2024-02-27,2024-04-12,45,6,57860
BKG01657,PKG0043,USR0173,2024-02-13,2024-03-04,20,2,50510
BKG01658,PKG0060,USR0208,2025-06-19,2025-09-17,90,2,9340
BKG01659,PKG0054,USR0235,2025-07-03,2025-12-30,180,2,39030
BKG01660,PKG0004,USR0077,2024-08-26,2024-09-15,20,4,32660
BKG01661,PKG0022,USR0037,2024-05-24,2024-05-26,2,4,46080
BKG01662,PKG0057,USR0251,2025-04-27,2025-05-27,30,1,16190
BKG01663,PKG0023,USR0317,2024-05-13,2024-06-27,45,3,185560
BKG01664,PKG0050,USR0008,2024-02-21,2024-03-02,10,4,25690
BKG01665,PKG0039,USR0158,2024-04-09,2024-04-29,20,2,40040
BKG01666,PKG0041,USR0234,2025-08-28,2025-08-30,2,3,29360
BKG01667,PKG0033,USR0033,2024-04-18,2024-07-17,90,6,113410
BKG01668,PKG0047,USR0059,2025-09-22,2025-11-21,60,6,152230
BKG01669,PKG0051,USR0113,2024-07-26,2024-09-09,45,6,80300
BKG01670,PKG0031,USR0219,2025-02-15,2025-04-01,45,2,73300
BKG01671,PKG0038,USR0167,2025-08-12,2025-09-26,45,4,261960
BKG01672,PKG0016,USR0280,2024-08-06,2024-09-05,30,4,130100
BKG01673,PKG0031,USR0392,2024-06-26,2024-07-11,15,2,69170
BKG01674,PKG0010,USR0172,2024-10-07,2024-10-12,5,4,79680
BKG01675,PKG0043,USR0073,2024-06-21,2024-07-06,15,2,60230
BKG01676,PKG0001,USR0357,2024-06-17,2024-08-01,45,2,96210
BKG01677,PKG0036,USR0225,2025-08-18,2025-10-17,60,5,25310
BKG01678,PKG0041,USR0021,2025-09-19,2025-09-29,10,2,20050
BKG01679,PKG0051,USR0193,2024-01-17,2024-03-02,45,2,29250
BKG01680,PKG0052,USR0250,2024-01-08,2024-03-08,60,10,87720
BKG01681,PKG0049,USR0092,2025-08-30,2025-12-28,120,4,111200
BKG01682,PKG0019,USR0146,2025-05-02,2025-06-01,30,2,64780
BKG01683,PKG0041,USR0355,2024-05-26,2024-06-15,20,8,68140
BKG01684,PKG0019,USR0328,2025-04-06,2025-04-11,5,4,194050
BKG01685,PKG0023,USR0211,2024-06-27,2024-10-25,120,8,399870
BKG01686,PKG0020,USR0313,2025-09-02,2025-09-12,10,2,58530
BKG01687,PKG0023,USR0093,2025-09-18,2025-10-18,30,1,71550
BKG01688,PKG0020,USR0046,2024-11-04,2024-12-19,45,2,64440
BKG01689,PKG0015,USR0179,2025-07-25,2025-09-08,45,1,6920
BKG01690,PKG0038,USR0121,2025-06-26,2025-12-23,180,6,411310
BKG01691,PKG0020,USR0049,2025-07-06,2025-07-26,20,2,49410
BKG01692,PKG0014,USR0260,2024-08-01,2024-09-15,45,2,11690
BKG01693,PKG0001,USR0142,2024-04-25,2024-10-22,180,1,39440
BKG01694,PKG0005,USR0077,2025-04-30,2025-06-14,45,2,50800
BKG01695,PKG0010,USR0255,2024-02-14,2024-08-12,180,5,61160
BKG01696,PKG0009,USR0028,2024-10-18,2024-11-17,30,5,68620
BKG01697,PKG0039,USR0108,2024-12-08,2024-12-28,20,2,41410
BKG01698,PKG0056,USR0316,2025-04-09,2025-05-24,45,4,182200
BKG01699,PKG0005,USR0023,2024-02-23,2024-03-24,30,6,118590
BKG01700,PKG0024,USR0276,2024-01-30,2024-02-29,30,2,36490
BKG01701,PKG0014,USR0249,2024-03-13,2024-04-27,45,8,53610
BKG01702,PKG0059,USR0121,2025-08-29,2025-09-28,30,4,77540
BKG01703,PKG0049,USR0297,2024-07-22,2024-07-24,2,4,157900
BKG01704,PKG0036,USR0383,2024-11-29,2024-12-19,20,2,13960
BKG01705,PKG0026,USR0118,2024-11-29,2024-12-19,20,3,102000
BKG01706,PKG0028,USR0117,2025-02-26,2025-05-27,90,1,14730
BKG01707,PKG0010,USR0103,2024-08-13,2024-10-12,60,2,28510
BKG01708,PKG0038,USR0038,2025-05-11,2025-07-10,60,6,375620
BKG01709,PKG0037,USR0028,2024-05-28,2024-06-02,5,3,138450
BKG01710,PKG0011,USR0111,2025-04-10,2025-05-25,45,2,100450
BKG01711,PKG0044,USR0092,2024-05-19,2024-07-18,60,6,279190
BKG01712,PKG0012,USR0235,2025-01-02,2025-02-01,30,2,99750
BKG01713,PKG0037,USR0139,2024-05-10,2024-05-20,10,2,104470
BKG01714,PKG0006,USR0017,2024-03-02,2024-03-07,5,2,29500
BKG01715,PKG0001,USR0144,2025-04-21,2025-10-18,180,2,84700
BKG01716,PKG0043,USR0235,2024-12-17,2025-01-16,30,3,90860
BKG01717,PKG0056,USR0113,2025-09-10,2025-09-15,5,2,97610
BKG01718,PKG0036,USR0081,2025-09-18,2025-10-08,20,2,13330
BKG01719,PKG0045,USR0088,2025-07-20,2025-09-03,45,4,108840
BKG01720,PKG0017,USR0118,2025-06-18,2025-08-17,60,2,40530
BKG01721,PKG0031,USR0251,2024-08-09,2024-08-24,15,2,78260
BKG01722,PKG0012,USR0303,2025-04-18,2025-04-28,10,4,245310
BKG01723,PKG0048,USR0143,2025-03-14,2025-03-29,15,8,60130
BKG01724,PKG0005,USR0377,2024-09-10,2024-09-12,2,4,103850
BKG01725,PKG0001,USR0168,2024-08-15,2024-09-29,45,2,93670
BKG01726,PKG0028,USR0303,2025-08-10,2025-10-09,60,2,22220
BKG01727,PKG0032,USR0003,2024-02-15,2024-03-31,45,2,48520
BKG01728,PKG0060,USR0021,2025-05-31,2025-11-27,180,3,17560
BKG01729,PKG0025,USR0018,2025-02-07,2025-03-09,30,2,22000
BKG01730,PKG0044,USR0246,2024-04-10,2024-04-25,15,4,318780
BKG01731,PKG0054,USR0232,2024-03-26,2024-03-31,5,3,78510
BKG01732,PKG0010,USR0286,2025-02-20,2025-03-12,20,6,77200
BKG01733,PKG0023,USR0112,2024-10-29,2024-12-13,45,4,295750
BKG01734,PKG0013,USR0123,2024-04-02,2024-04-04,2,10,339170
BKG01735,PKG0029,USR0009,2024-11-08,2024-11-23,15,4,117120
BKG01736,PKG0009,USR0083,2025-08-07,2025-09-21,45,3,39680
BKG01737,PKG0024,USR0383,2025-04-10,2025-05-25,45,3,62250
BKG01738,PKG0053,USR0238,2025-02-19,2025-02-21,2,2,76670
BKG01739,PKG0060,USR0095,2025-01-14,2025-02-03,20,4,20790
BKG01740,PKG0049,USR0321,2024-01-02,2024-01-17,15,4,178910
BKG01741,PKG0036,USR0322,2024-12-06,2024-12-16,10,2,17210
BKG01742,PKG0024,USR0272,2025-03-12,2025-04-26,45,4,90200
BKG01743,PKG0030,USR0386,2025-09-19,2025-10-09,20,2,186650
BKG01744,PKG0046,USR0278,2024-07-31,2024-11-28,120,2,55110
BKG01745,PKG0050,USR0351,2024-12-09,2024-12-24,15,2,15370
BKG01746,PKG0004,USR0377,2025-06-11,2025-06-21,10,2,18890
BKG01747,PKG0033,USR0346,2024-02-22,2024-03-08,15,2,52990
BKG01748,PKG0039,USR0057,2025-04-21,2025-04-23,2,10,222870
BKG01749,PKG0006,USR0317,2025-01-10,2025-02-09,30,2,19820
BKG01750,PKG0009,USR0090,2024-03-09,2024-06-07,90,6,58630
BKG01751,PKG0003,USR0288,2024-07-28,2024-09-11,45,4,475840
BKG01752,PKG0004,USR0071,2024-09-01,2024-09-11,10,1,10930
BKG01753,PKG0054,USR0277,2025-05-04,2025-05-24,20,2,48320
BKG01754,PKG0058,USR0378,2025-08-17,2025-11-15,90,4,111130
BKG01755,PKG0032,USR0360,2024-08-18,2024-09-17,30,3,65910
BKG01756,PKG0009,USR0165,2024-09-30,2024-10-05,5,2,32500
BKG01757,PKG0057,USR0258,2024-10-10,2024-10-30,20,2,27500
BKG01758,PKG0015,USR0028,2024-12-19,2024-12-21,2,3,29370
BKG01759,PKG0046,USR0232,2025-06-23,2025-07-03,10,4,131370
BKG01760,PKG0035,USR0063,2025-06-28,2025-07-13,15,2,11430
BKG01761,PKG0003,USR0348,2024-10-26,2024-10-31,5,2,290990
BKG01762,PKG0008,USR0232,2024-03-08,2024-07-06,120,2,59560
BKG01763,PKG0057,USR0097,2025-04-13,2025-06-12,60,5,58560
BKG01764,PKG0047,USR0045,2024-07-02,2024-08-01,30,2,48260
BKG01765,PKG0059,USR0148,2024-03-19,2024-04-08,20,3,80000
BKG01766,PKG0006,USR0056,2024-04-24,2024-05-24,30,5,62080
BKG01767,PKG0020,USR0357,2024-06-03,2024-06-18,15,2,69220
BKG01768,PKG0004,USR0105,2024-01-24,2024-02-23,30,5,37900
BKG01769,PKG0041,USR0151,2025-07-08,2025-07-28,20,3,26700
BKG01770,PKG0001,USR0068,2025-03-06,2025-07-04,120,3,127860
BKG01771,PKG0028,USR0228,2024-01-22,2024-04-21,90,2,28170
BKG01772,PKG0019,USR0150,2024-01-23,2024-07-21,180,2,58660
BKG01773,PKG0037,USR0119,2025-06-16,2025-07-06,20,10,338990
BKG01774,PKG0044,USR0331,2025-08-15,2025-10-14,60,6,263540
BKG01775,PKG0028,USR0176,2024-11-30,2024-12-02,2,10,175880
BKG01776,PKG0022,USR0249,2025-06-26,2025-06-28,2,2,20750
BKG01777,PKG0013,USR0281,2024-11-07,2024-12-07,30,10,264960
BKG01778,PKG0043,USR0291,2024-11-09,2024-11-14,5,2,92050
BKG01779,PKG0043,USR0088,2024-08-20,2024-10-19,60,2,52630
BKG01780,PKG0025,USR0248,2024-10-22,2024-12-21,60,3,33890
BKG01781,PKG0035,USR0395,2024-05-31,2024-06-20,20,2,8970
BKG01782,PKG0032,USR0181,2024-06-19,2024-07-04,15,1,27340
BKG01783,PKG0013,USR0317,2025-07-02,2025-07-07,5,1,29990
BKG01784,PKG0016,USR0147,2024-06-28,2024-07-03,5,5,200140
BKG01785,PKG0015,USR0363,2024-06-06,2024-06-21,15,10,77620
BKG01786,PKG0039,USR0083,2024-02-12,2024-06-11,120,2,28930
BKG01787,PKG0023,USR0163,2025-03-27,2025-06-25,90,10,574390
BKG01788,PKG0039,USR0134,2024-07-29,2024-07-31,2,3,61390
BKG01789,PKG0019,USR0288,2024-11-20,2024-12-20,30,5,149020
BKG01790,PKG0020,USR0177,2025-04-04,2025-10-01,180,5,109670
BKG01791,PKG0020,USR0277,2025-06-30,2025-07-15,15,2,59990
BKG01792,PKG0038,USR0155,2024-01-26,2024-04-25,90,2,161520
BKG01793,PKG0056,USR0208,2024-05-28,2024-06-02,5,2,93650
BKG01794,PKG0007,USR0235,2024-06-08,2024-06-28,20,2,18080
BKG01795,PKG0028,USR0003,2025-07-13,2025-07-18,5,5,90110
BKG01796,PKG0017,USR0260,2024-10-29,2024-11-28,30,2,52550
BKG01797,PKG0015,USR0243,2025-08-10,2025-08-20,10,3,22280
BKG01798,PKG0016,USR0342,2025-08-01,2025-08-11,10,4,141840
BKG01799,PKG0041,USR0374,2025-03-28,2025-05-12,45,3,33240
BKG01800,PKG0003,USR0174,2025-05-05,2025-06-19,45,5,623340
BKG01801,PKG0047,USR0021,2025-07-18,2025-09-01,45,2,53230
BKG01802,PKG0015,USR0060,2025-02-15,2025-05-16,90,2,15260
BKG01803,PKG0008,USR0317,2025-04-01,2025-05-01,30,8,329980
BKG01804,PKG0048,USR0183,2024-02-26,2024-06-25,120,2,13950
BKG01805,PKG0051,USR0312,2025-08-20,2025-08-30,10,1,18220
BKG01806,PKG0023,USR0270,2024-10-11,2024-12-10,60,10,673460
BKG01807,PKG0052,USR0101,2025-07-05,2025-07-20,15,4,41750
BKG01808,PKG0043,USR0229,2024-03-30,2024-04-01,2,2,90730
BKG01809,PKG0018,USR0263,2025-05-17,2025-07-01,45,4,49930
BKG01810,PKG0034,USR0163,2025-06-07,2025-06-12,5,6,298010
BKG01811,PKG0034,USR0029,2025-01-04,2025-05-04,120,2,84210
BKG01812,PKG0008,USR0204,2025-03-13,2025-04-02,20,2,98940
BKG01813,PKG0038,USR0190,2024-01-13,2024-01-15,2,1,112150
BKG01814,PKG0015,USR0146,2024-11-11,2024-11-26,15,2,19650
BKG01815,PKG0040,USR0229,2024-03-30,2024-04-19,20,4,93150
BKG01816,PKG0017,USR0111,2025-03-30,2025-04-09,10,2,65590
BKG01817,PKG0056,USR0380,2025-03-29,2025-03-31,2,2,94540
BKG01818,PKG0048,USR0148,2025-03-10,2025-04-09,30,8,65940
BKG01819,PKG0018,USR0374,2024-05-22,2024-08-20,90,5,51740
BKG01820,PKG0060,USR0301,2024-05-27,2024-06-16,20,4,18720
BKG01821,PKG0025,USR0107,2025-06-21,2025-08-05,45,3,32940
BKG01822,PKG0024,USR0172,2025-08-27,2025-09-11,15,1,22510
BKG01823,PKG0002,USR0388,2024-01-07,2024-01-27,20,4,38870
BKG01824,PKG0011,USR0210,2024-10-06,2024-10-08,2,2,116400
BKG01825,PKG0008,USR0213,2025-04-18,2025-05-18,30,8,342030
BKG01826,PKG0054,USR0364,2024-05-20,2024-05-30,10,1,30410
BKG01827,PKG0048,USR0103,2025-01-25,2025-02-04,10,6,51610
BKG01828,PKG0024,USR0149,2024-02-13,2024-03-04,20,4,63160
BKG01829,PKG0018,USR0155,2024-11-07,2025-02-05,90,3,33210
BKG01830,PKG0015,USR0253,2025-04-19,2025-05-04,15,4,35540
BKG01831,PKG0008,USR0115,2024-01-03,2024-02-17,45,2,83150
BKG01832,PKG0016,USR0079,2025-04-28,2025-05-28,30,2,78960
BKG01833,PKG0043,USR0064,2024-10-21,2024-12-20,60,2,61680
BKG01834,PKG0012,USR0214,2024-09-07,2024-12-06,90,2,102300
BKG01835,PKG0031,USR0015,2024-10-10,2024-11-24,45,2,77420
BKG01836,PKG0009,USR0253,2024-03-09,2024-05-08,60,4,49850
BKG01837,PKG0052,USR0307,2025-08-18,2025-11-16,90,4,42120
BKG01838,PKG0006,USR0247,2024-09-21,2024-11-20,60,2,23260
BKG01839,PKG0034,USR0322,2024-05-02,2024-07-31,90,3,108760
BKG01840,PKG0001,USR0192,2025-08-12,2025-09-01,20,4,181360
BKG01841,PKG0014,USR0009,2024-06-15,2024-06-20,5,4,32410
BKG01842,PKG0040,USR0298,2024-11-23,2025-01-07,45,2,46820
BKG01843,PKG0028,USR0237,2024-05-18,2024-07-17,60,3,36400
BKG01844,PKG0031,USR0183,2024-10-06,2024-10-11,5,6,236390
BKG01845,PKG0030,USR0185,2024-12-30,2025-03-30,90,3,262330
BKG01846,PKG0021,USR0025,2025-06-26,2025-07-26,30,3,55230
BKG01847,PKG0042,USR0328,2025-06-10,2025-06-15,5,10,553770
BKG01848,PKG0024,USR0100,2024-07-06,2024-08-20,45,4,68080
BKG01849,PKG0048,USR0392,2024-06-20,2024-08-04,45,3,23240
BKG01850,PKG0010,USR0279,2024-11-19,2024-12-09,20,2,39010
BKG01851,PKG0020,USR0351,2024-10-04,2024-11-18,45,3,92480
BKG01852,PKG0056,USR0351,2025-01-06,2025-04-06,90,3,127540
BKG01853,PKG0017,USR0050,2024-12-26,2025-01-10,15,2,67710
BKG01854,PKG0048,USR0074,2025-06-14,2025-06-29,15,5,41360
BKG01855,PKG0037,USR0145,2025-05-11,2025-05-16,5,3,180810
BKG01856,PKG0058,USR0211,2024-06-15,2024-12-12,180,4,103010
BKG01857,PKG0022,USR0053,2025-05-30,2025-11-26,180,4,27270
BKG01858,PKG0014,USR0114,2025-07-26,2025-09-09,45,2,10630
BKG01859,PKG0054,USR0315,2025-06-22,2025-07-12,20,2,36310
BKG01860,PKG0034,USR0273,2024-04-26,2024-06-10,45,4,154290
BKG01861,PKG0015,USR0214,2024-03-19,2024-03-29,10,2,15540
BKG01862,PKG0017,USR0060,2024-01-18,2024-02-07,20,2,41680
BKG01863,PKG0058,USR0246,2025-01-06,2025-01-26,20,5,140400
BKG01864,PKG0056,USR0072,2025-09-03,2025-09-13,10,3,126270
BKG01865,PKG0053,USR0268,2024-12-16,2024-12-26,10,2,85970
BKG01866,PKG0030,USR0089,2024-01-30,2024-03-15,45,4,368490
BKG01867,PKG0027,USR0382,2024-08-15,2024-09-14,30,1,10130
BKG01868,PKG0031,USR0066,2024-05-25,2024-07-09,45,2,66260
BKG01869,PKG0042,USR0353,2024-05-08,2024-06-22,45,4,184540
BKG01870,PKG0031,USR0108,2024-03-21,2024-03-26,5,6,230770
BKG01871,PKG0017,USR0218,2024-04-24,2024-05-24,30,3,83060
BKG01872,PKG0043,USR0040,2025-05-10,2025-06-09,30,4,102470
BKG01873,PKG0059,USR0388,2024-07-20,2024-09-03,45,3,69850
BKG01874,PKG0031,USR0056,2025-06-09,2025-07-24,45,6,166870
BKG01875,PKG0038,USR0304,2024-05-01,2024-08-29,120,2,128820
BKG01876,PKG0022,USR0130,2024-11-04,2024-12-19,45,6,52940
BKG01877,PKG0014,USR0342,2024-04-08,2024-04-18,10,5,37430
BKG01878,PKG0022,USR0064,2024-07-29,2024-09-27,60,3,19980
BKG01879,PKG0059,USR0301,2024-07-08,2024-07-18,10,4,101550
BKG01880,PKG0020,USR0344,2024-04-02,2024-06-01,60,2,51890
BKG01881,PKG0034,USR0075,2024-10-11,2024-10-31,20,2,80770
BKG01882,PKG0024,USR0297,2024-06-13,2024-07-03,20,4,65270
BKG01883,PKG0017,USR0257,2025-09-19,2025-11-03,45,2,59530
BKG01884,PKG0005,USR0124,2024-03-10,2024-03-30,20,1,21750
BKG01885,PKG0017,USR0051,2024-01-15,2024-01-20,5,2,71480
BKG01886,PKG0008,USR0271,2024-07-15,2024-09-13,60,1,36800
BKG01887,PKG0056,USR0145,2025-07-04,2025-07-24,20,4,124510
BKG01888,PKG0051,USR0003,2024-04-11,2024-04-21,10,3,55480
BKG01889,PKG0030,USR0110,2025-05-01,2025-05-06,5,4,561360
BKG01890,PKG0002,USR0188,2024-07-08,2024-08-07,30,6,47380
BKG01891,PKG0036,USR0226,2024-04-19,2024-06-03,45,1,7150
BKG01892,PKG0045,USR0093,2025-01-23,2025-03-09,45,4,128700
BKG01893,PKG0019,USR0218,2024-08-21,2024-09-10,20,6,166310
BKG01894,PKG0060,USR0209,2024-11-17,2025-01-01,45,1,6830
BKG01895,PKG0027,USR0064,2025-06-16,2025-07-01,15,2,20740
BKG01896,PKG0017,USR0070,2025-01-04,2025-01-14,10,4,128680
BKG01897,PKG0023,USR0361,2024-02-11,2024-02-26,15,2,166560
BKG01898,PKG0005,USR0043,2024-04-28,2024-05-18,20,8,200490
BKG01899,PKG0011,USR0198,2025-09-06,2025-11-05,60,6,279050
BKG01900,PKG0059,USR0377,2025-03-30,2025-04-14,15,2,59080
BKG01901,PKG0016,USR0116,2024-10-24,2024-12-23,60,3,103080
BKG01902,PKG0039,USR0220,2024-03-12,2024-07-10,120,1,14340
BKG01903,PKG0059,USR0244,2025-01-11,2025-02-10,30,2,46090
BKG01904,PKG0036,USR0092,2025-05-18,2025-05-20,2,5,48390
BKG01905,PKG0043,USR0345,2025-03-24,2025-03-26,2,1,37010
BKG01906,PKG0051,USR0268,2024-03-28,2024-04-17,20,1,20210
BKG01907,PKG0049,USR0062,2025-02-14,2025-02-16,2,5,207440
BKG01908,PKG0019,USR0356,2024-04-14,2024-05-14,30,2,77140
BKG01909,PKG0029,USR0380,2024-06-21,2024-09-19,90,2,40520
BKG01910,PKG0031,USR0034,2024-07-22,2024-08-01,10,4,148020
BKG01911,PKG0034,USR0174,2025-02-17,2025-06-17,120,3,97590
BKG01912,PKG0006,USR0063,2025-03-10,2025-03-30,20,8,71290
BKG01913,PKG0014,USR0372,2025-08-18,2025-10-02,45,6,34590
BKG01914,PKG0021,USR0304,2025-02-13,2025-03-05,20,5,93030
BKG01915,PKG0026,USR0183,2025-09-09,2025-09-14,5,8,321210
BKG01916,PKG0001,USR0208,2025-06-07,2025-07-07,30,5,233810
BKG01917,PKG0048,USR0143,2025-04-10,2025-04-25,15,6,66230
BKG01918,PKG0036,USR0056,2025-05-16,2025-05-21,5,5,49110
BKG01919,PKG0058,USR0255,2024-05-17,2024-05-27,10,2,59130
BKG01920,PKG0028,USR0016,2024-02-24,2024-05-24,90,4,56320
BKG01921,PKG0022,USR0035,2024-01-28,2024-02-07,10,3,29230
BKG01922,PKG0019,USR0092,2024-11-30,2025-02-28,90,4,110600
BKG01923,PKG0032,USR0079,2025-09-30,2025-11-14,45,4,116930
BKG01924,PKG0059,USR0050,2025-06-16,2025-09-14,90,2,39910
BKG01925,PKG0001,USR0393,2025-04-22,2025-05-02,10,1,69680
BKG01926,PKG0031,USR0104,2025-05-24,2025-06-03,10,4,122870
BKG01927,PKG0057,USR0252,2025-07-09,2025-07-24,15,2,30490
BKG01928,PKG0003,USR0176,2025-07-07,2025-07-22,15,2,261650
BKG01929,PKG0016,USR0280,2024-02-02,2024-02-04,2,6,255760
BKG01930,PKG0038,USR0221,2024-05-01,2024-08-29,120,2,125350
BKG01931,PKG0027,USR0197,2025-01-20,2025-01-25,5,2,24090
BKG01932,PKG0001,USR0227,2024-02-03,2024-05-03,90,2,99800
BKG01933,PKG0015,USR0091,2024-11-06,2024-11-16,10,6,51660
BKG01934,PKG0033,USR0362,2025-03-17,2025-04-16,30,2,54000
BKG01935,PKG0024,USR0069,2025-02-02,2025-04-03,60,2,39340
BKG01936,PKG0027,USR0250,2025-08-05,2025-08-10,5,2,24450
BKG01937,PKG0012,USR0346,2025-07-21,2025-07-31,10,4,199080
BKG01938,PKG0040,USR0351,2025-04-26,2025-06-10,45,5,96140
BKG01939,PKG0020,USR0244,2024-06-09,2024-12-06,180,2,48840
BKG01940,PKG0005,USR0260,2024-09-26,2024-10-16,20,2,49300
BKG01941,PKG0046,USR0254,2025-01-21,2025-02-10,20,2,47140
BKG01942,PKG0025,USR0316,2024-10-18,2024-11-17,30,10,105160
BKG01943,PKG0016,USR0165,2025-08-27,2025-09-16,20,3,93740
BKG01944,PKG0044,USR0024,2025-01-10,2025-02-09,30,4,234160
BKG01945,PKG0055,USR0179,2025-08-20,2025-09-09,20,2,29200
BKG01946,PKG0050,USR0014,2025-10-02,2025-11-01,30,2,14380
BKG01947,PKG0044,USR0175,2025-03-14,2025-04-28,45,2,135340
BKG01948,PKG0001,USR0177,2025-02-25,2025-04-26,60,4,193870
BKG01949,PKG0008,USR0180,2024-09-07,2024-10-22,45,2,79390
BKG01950,PKG0051,USR0127,2024-11-15,2024-12-15,30,2,33530
BKG01951,PKG0023,USR0304,2024-03-08,2024-03-13,5,6,491910
BKG01952,PKG0019,USR0157,2024-06-22,2024-08-21,60,2,54840
BKG01953,PKG0044,USR0011,2024-02-08,2024-02-23,15,4,243700
BKG01954,PKG0009,USR0236,2025-03-08,2025-03-28,20,2,22980
BKG01955,PKG0059,USR0291,2025-03-07,2025-03-27,20,4,87520
BKG01956,PKG0041,USR0137,2025-04-25,2025-05-25,30,2,21670
BKG01957,PKG0031,USR0302,2024-11-20,2025-01-04,45,8,252290
BKG01958,PKG0001,USR0194,2024-11-26,2024-12-06,10,1,68590
BKG01959,PKG0025,USR0294,2025-05-15,2025-08-13,90,3,28430
BKG01960,PKG0027,USR0052,2024-07-29,2024-08-18,20,1,8730
BKG01961,PKG0025,USR0173,2024-12-13,2025-02-11,60,3,28600
BKG01962,PKG0021,USR0086,2025-01-07,2025-01-17,10,2,55520
BKG01963,PKG0059,USR0224,2024-03-18,2024-04-02,15,10,263890
BKG01964,PKG0011,USR0275,2024-09-28,2024-10-03,5,2,106560
BKG01965,PKG0021,USR0025,2025-08-10,2025-08-25,15,2,44920
BKG01966,PKG0030,USR0206,2025-10-01,2025-11-15,45,2,234160
BKG01967,PKG0024,USR0381,2025-08-15,2025-08-20,5,3,77050
BKG01968,PKG0057,USR0049,2024-10-06,2024-11-05,30,3,53690
BKG01969,PKG0052,USR0035,2025-06-27,2025-07-07,10,3,36480
BKG01970,PKG0039,USR0244,2024-12-21,2025-01-10,20,3,65560
BKG01971,PKG0055,USR0040,2024-11-05,2024-11-15,10,6,131560
BKG01972,PKG0033,USR0259,2025-03-19,2025-09-15,180,3,65310
BKG01973,PKG0030,USR0340,2024-07-23,2024-10-21,90,3,255090
BKG01974,PKG0056,USR0213,2025-10-01,2025-10-16,15,2,77000
BKG01975,PKG0059,USR0264,2025-07-14,2025-08-28,45,4,86200
BKG01976,PKG0040,USR0093,2025-06-12,2025-09-10,90,5,100300
BKG01977,PKG0060,USR0096,2024-08-06,2024-09-05,30,2,11500
BKG01978,PKG0030,USR0339,2025-04-23,2025-05-13,20,2,224410
BKG01979,PKG0016,USR0138,2025-06-29,2025-08-13,45,3,101630
BKG01980,PKG0014,USR0315,2025-03-20,2025-03-30,10,5,31270
BKG01981,PKG0007,USR0290,2024-03-02,2024-05-31,90,5,41890
BKG01982,PKG0029,USR0268,2025-04-18,2025-06-02,45,2,40990
BKG01983,PKG0028,USR0076,2024-11-03,2024-12-18,45,6,97540
BKG01984,PKG0028,USR0223,2024-03-06,2024-03-26,20,1,12350
BKG01985,PKG0050,USR0325,2025-02-26,2025-03-18,20,1,6330
BKG01986,PKG0032,USR0137,2024-06-13,2024-09-11,90,2,44140
BKG01987,PKG0032,USR0132,2024-08-29,2024-10-28,60,4,87650
BKG01988,PKG0014,USR0208,2024-06-02,2024-07-02,30,10,51400
BKG01989,PKG0048,USR0099,2024-11-13,2024-12-13,30,10,88910
BKG01990,PKG0016,USR0238,2025-03-22,2025-04-06,15,6,248560
BKG01991,PKG0036,USR0217,2024-02-07,2024-02-12,5,5,42420
BKG01992,PKG0048,USR0104,2024-05-19,2024-09-16,120,2,13360
BKG01993,PKG0048,USR0015,2024-10-11,2024-10-16,5,2,21700
BKG01994,PKG0020,USR0338,2024-02-13,2024-02-28,15,2,57310
BKG01995,PKG0055,USR0370,2024-01-21,2024-02-05,15,2,38450
BKG01996,PKG0037,USR0029,2024-03-26,2024-04-25,30,4,149780
BKG01997,PKG0040,USR0161,2024-03-06,2024-03-26,20,4,72940
BKG01998,PKG0001,USR0209,2024-04-02,2024-05-17,45,6,273780
BKG01999,PKG0060,USR0204,2024-05-23,2024-06-07,15,2,13330
BKG02000,PKG0025,USR0121,2025-05-27,2025-06-01,5,2,27210
BKG02001,PKG0008,USR0062,2025-08-17,2025-08-27,10,4,169270
BKG02002,PKG0018,USR0397,2024-09-14,2024-09-16,2,5,88440
BKG02003,PKG0043,USR0255,2024-08-31,2024-11-29,90,2,62150
BKG02004,PKG0046,USR0308,2024-11-16,2024-12-16,30,8,244220
BKG02005,PKG0010,USR0169,2025-02-03,2025-03-20,45,2,28880
BKG02006,PKG0010,USR0384,2025-03-09,2025-04-23,45,5,92150
BKG02007,PKG0023,USR0112,2024-06-28,2024-07-18,20,4,288910
BKG02008,PKG0033,USR0110,2025-03-26,2025-04-10,15,5,160670
BKG02009,PKG0004,USR0210,2025-08-26,2025-09-05,10,3,24660
BKG02010,PKG0034,USR0029,2025-01-18,2025-07-17,180,6,177020
BKG02011,PKG0037,USR0359,2024-11-20,2025-01-04,45,6,248250
BKG02012,PKG0056,USR0280,2024-09-09,2024-09-24,15,3,113570
BKG02013,PKG0006,USR0143,2024-05-28,2024-09-25,120,4,38510
BKG02014,PKG0054,USR0186,2025-01-11,2025-02-10,30,4,73380
BKG02015,PKG0011,USR0158,2025-09-12,2025-10-02,20,1,42020
BKG02016,PKG0056,USR0018,2024-02-25,2024-03-01,5,2,97860
BKG02017,PKG0048,USR0354,2024-09-02,2024-09-17,15,1,9660
BKG02018,PKG0034,USR0130,2024-11-12,2025-03-12,120,2,73810
BKG02019,PKG0035,USR0328,2025-01-06,2025-02-20,45,4,17010
BKG02020,PKG0027,USR0351,2024-08-30,2024-09-04,5,8,81540
BKG02021,PKG0022,USR0227,2025-02-06,2025-04-07,60,2,16020
BKG02022,PKG0031,USR0131,2024-08-29,2024-09-28,30,2,69150
BKG02023,PKG0057,USR0153,2024-06-13,2024-08-12,60,6,78740
BKG02024,PKG0051,USR0225,2025-02-20,2025-04-06,45,4,71830
BKG02025,PKG0054,USR0018,2024-03-23,2024-03-25,2,2,49890
BKG02026,PKG0042,USR0400,2025-04-27,2025-06-26,60,2,75230
BKG02027,PKG0040,USR0378,2024-12-06,2024-12-16,10,3,74060
BKG02028,PKG0036,USR0368,2024-04-12,2024-05-02,20,4,29730
BKG02029,PKG0057,USR0083,2025-06-02,2025-06-17,15,2,33730
BKG02030,PKG0033,USR0034,2025-09-08,2026-01-06,120,2,51400
BKG02031,PKG0009,USR0374,2024-11-30,2024-12-20,20,3,43360
BKG02032,PKG0015,USR0233,2024-02-23,2024-03-09,15,10,70870
BKG02033,PKG0018,USR0329,2025-03-30,2025-04-04,5,2,43880
BKG02034,PKG0050,USR0329,2025-02-14,2025-03-16,30,4,22040
BKG02035,PKG0012,USR0103,2024-11-17,2024-11-27,10,8,464060
BKG02036,PKG0047,USR0295,2024-06-10,2024-12-07,180,4,110440
BKG02037,PKG0055,USR0128,2024-05-13,2024-05-18,5,2,48960
BKG02038,PKG0016,USR0305,2024-11-23,2024-12-23,30,8,268790
BKG02039,PKG0056,USR0232,2024-05-16,2024-05-31,15,5,232650
BKG02040,PKG0052,USR0134,2025-08-30,2026-02-26,180,10,74500
BKG02041,PKG0018,USR0168,2024-07-22,2024-08-06,15,3,47020
BKG02042,PKG0050,USR0044,2024-07-05,2024-07-20,15,3,20790
BKG02043,PKG0002,USR0202,2025-08-07,2025-11-05,90,2,20410
BKG02044,PKG0021,USR0115,2024-01-24,2024-04-23,90,5,90750
BKG02045,PKG0039,USR0286,2024-08-22,2024-08-24,2,10,195130
BKG02046,PKG0051,USR0046,2024-07-22,2024-08-21,30,5,68790
BKG02047,PKG0026,USR0135,2024-06-21,2024-07-01,10,1,34400
BKG02048,PKG0051,USR0026,2025-03-15,2025-04-14,30,4,71110
BKG02049,PKG0059,USR0308,2024-04-01,2024-04-21,20,10,244620
BKG02050,PKG0049,USR0189,2025-08-03,2025-08-13,10,3,97260
BKG02051,PKG0047,USR0061,2025-06-22,2025-09-20,90,4,103600
BKG02052,PKG0034,USR0223,2025-04-09,2025-06-08,60,3,109220
BKG02053,PKG0011,USR0345,2024-08-17,2024-08-22,5,4,206150
BKG02054,PKG0023,USR0366,2024-09-29,2024-10-09,10,2,158390
BKG02055,PKG0059,USR0148,2025-01-26,2025-01-28,2,4,121060
BKG02056,PKG0048,USR0067,2024-07-30,2024-11-27,120,5,39270
BKG02057,PKG0059,USR0308,2024-10-16,2024-11-15,30,2,58340
BKG02058,PKG0031,USR0373,2025-03-04,2025-05-03,60,2,64210
BKG02059,PKG0043,USR0093,2024-05-29,2024-06-13,15,4,120260
BKG02060,PKG0048,USR0015,2024-09-25,2024-10-25,30,1,9120
BKG02061,PKG0008,USR0121,2024-09-11,2025-01-09,120,3,114870
BKG02062,PKG0004,USR0190,2025-04-14,2025-08-12,120,2,15780
BKG02063,PKG0012,USR0044,2024-05-16,2024-05-26,10,6,376540
BKG02064,PKG0028,USR0166,2025-02-11,2025-02-26,15,2,31440
BKG02065,PKG0054,USR0352,2025-01-27,2025-02-11,15,2,44120
BKG02066,PKG0006,USR0363,2025-09-03,2025-09-18,15,4,46370
BKG02067,PKG0008,USR0132,2025-07-24,2025-08-08,15,10,379300
BKG02068,PKG0042,USR0031,2024-08-28,2024-09-12,15,3,166770
BKG02069,PKG0056,USR0242,2025-09-12,2025-10-27,45,1,33710
BKG02070,PKG0004,USR0344,2025-09-04,2025-10-04,30,4,31980
BKG02071,PKG0018,USR0364,2024-02-16,2024-06-15,120,2,23550
BKG02072,PKG0017,USR0003,2025-09-26,2025-12-25,90,2,48350
BKG02073,PKG0059,USR0196,2025-02-08,2025-06-08,120,10,193830
BKG02074,PKG0043,USR0344,2025-07-26,2025-11-23,120,4,99390
BKG02075,PKG0042,USR0022,2024-09-23,2024-10-03,10,2,101770
BKG02076,PKG0057,USR0087,2024-12-13,2025-02-11,60,1,13910
BKG02077,PKG0048,USR0240,2024-11-20,2024-11-25,5,3,37850
BKG02078,PKG0041,USR0364,2024-05-25,2024-09-22,120,2,16420
BKG02079,PKG0018,USR0134,2024-02-15,2024-05-15,90,1,14590
BKG02080,PKG0005,USR0066,2024-10-14,2025-02-11,120,4,76120
BKG02081,PKG0043,USR0383,2025-03-16,2025-06-14,90,2,52060
BKG02082,PKG0059,USR0145,2024-09-26,2024-10-11,15,2,56580
BKG02083,PKG0036,USR0314,2024-09-27,2024-11-11,45,5,37970
BKG02084,PKG0028,USR0265,2024-06-17,2024-07-07,20,4,51600
BKG02085,PKG0049,USR0162,2025-05-18,2025-05-20,2,5,223910
BKG02086,PKG0060,USR0392,2025-07-23,2025-09-06,45,2,10400
BKG02087,PKG0004,USR0337,2025-03-26,2025-04-15,20,4,42140
BKG02088,PKG0032,USR0028,2024-02-25,2024-04-10,45,2,51110
BKG02089,PKG0043,USR0118,2025-04-26,2025-05-16,20,2,69400
BKG02090,PKG0045,USR0134,2025-04-23,2025-08-21,120,2,54800
BKG02091,PKG0040,USR0224,2025-05-21,2025-08-19,90,3,56030
BKG02092,PKG0016,USR0021,2025-07-28,2025-08-27,30,4,135170
BKG02093,PKG0040,USR0249,2024-04-25,2024-07-24,90,2,32560
BKG02094,PKG0022,USR0369,2024-05-06,2024-05-26,20,1,9660
BKG02095,PKG0006,USR0179,2024-10-17,2024-12-01,45,2,25780
BKG02096,PKG0046,USR0093,2025-06-04,2025-07-19,45,2,59080
BKG02097,PKG0044,USR0140,2025-08-22,2025-08-27,5,8,544790
BKG02098,PKG0029,USR0109,2024-01-05,2024-02-04,30,2,46570
BKG02099,PKG0010,USR0270,2024-07-03,2024-07-23,20,2,28010
BKG02100,PKG0018,USR0214,2024-09-09,2024-11-08,60,4,56190
BKG02101,PKG0030,USR0394,2024-04-06,2024-04-08,2,1,145010
BKG02102,PKG0023,USR0169,2024-05-04,2024-07-03,60,4,252310
BKG02103,PKG0036,USR0202,2024-04-18,2024-08-16,120,2,10780
BKG02104,PKG0017,USR0166,2024-03-24,2024-04-08,15,5,143070
BKG02105,PKG0026,USR0236,2025-05-06,2025-08-04,90,4,112940
BKG02106,PKG0002,USR0233,2024-10-02,2024-10-04,2,2,23810
BKG02107,PKG0020,USR0305,2024-12-03,2024-12-05,2,3,123460
BKG02108,PKG0052,USR0023,2025-04-08,2025-05-08,30,2,23100
BKG02109,PKG0055,USR0167,2025-08-05,2025-08-10,5,6,103920
BKG02110,PKG0031,USR0067,2024-02-19,2024-03-20,30,1,32150
BKG02111,PKG0043,USR0330,2024-02-26,2024-03-27,30,6,163240
BKG02112,PKG0054,USR0381,2025-09-08,2025-09-28,20,2,41690
BKG02113,PKG0030,USR0196,2024-09-18,2024-10-03,15,4,405890
BKG02114,PKG0020,USR0092,2025-02-12,2025-02-14,2,2,63150
BKG02115,PKG0017,USR0046,2024-08-01,2024-09-30,60,4,75280
BKG02116,PKG0048,USR0084,2025-02-16,2025-04-17,60,5,41800
BKG02117,PKG0006,USR0146,2024-06-06,2024-08-05,60,6,55610
BKG02118,PKG0005,USR0062,2025-03-18,2025-04-02,15,2,54480
BKG02119,PKG0005,USR0377,2024-11-13,2024-11-23,10,6,165650
BKG02120,PKG0002,USR0351,2025-01-02,2025-02-01,30,4,34140
BKG02121,PKG0047,USR0341,2025-01-11,2025-01-21,10,2,78780
BKG02122,PKG0042,USR0263,2025-04-01,2025-05-16,45,4,227640
BKG02123,PKG0039,USR0199,2025-07-30,2025-10-28,90,3,46790
BKG02124,PKG0002,USR0308,2025-03-08,2025-03-28,20,8,60940
BKG02125,PKG0058,USR0189,2025-03-20,2025-06-18,90,3,72800
BKG02126,PKG0059,USR0323,2024-02-11,2024-03-27,45,10,191630
BKG02127,PKG0027,USR0263,2025-04-19,2025-05-09,20,5,48580
BKG02128,PKG0047,USR0347,2024-06-07,2024-06-09,2,2,64500
BKG02129,PKG0054,USR0254,2025-06-21,2025-09-19,90,2,39150
BKG02130,PKG0052,USR0043,2025-03-23,2025-04-07,15,3,38250
BKG02131,PKG0018,USR0041,2025-05-04,2025-06-18,45,4,45640
BKG02132,PKG0019,USR0154,2024-05-10,2024-05-30,20,5,177700
BKG02133,PKG0015,USR0351,2024-09-11,2024-10-01,20,3,21350
BKG02134,PKG0020,USR0268,2025-08-05,2025-10-04,60,3,76200
BKG02135,PKG0005,USR0025,2024-02-16,2024-04-01,45,1,24800
BKG02136,PKG0002,USR0263,2025-03-11,2025-04-25,45,2,21880
BKG02137,PKG0048,USR0212,2025-08-05,2025-10-04,60,6,44820
BKG02138,PKG0001,USR0130,2025-08-22,2025-09-21,30,8,320290
BKG02139,PKG0039,USR0042,2024-01-17,2024-01-27,10,2,42370
BKG02140,PKG0031,USR0059,2025-04-18,2025-04-28,10,3,137310
BKG02141,PKG0020,USR0092,2025-02-06,2025-05-07,90,4,104080
BKG02142,PKG0029,USR0024,2024-10-31,2025-01-29,90,4,85340
BKG02143,PKG0001,USR0161,2025-04-10,2025-07-09,90,5,203310
BKG02144,PKG0052,USR0388,2025-09-30,2025-10-10,10,2,22490
BKG02145,PKG0001,USR0136,2024-07-10,2024-10-08,90,3,120820
BKG02146,PKG0034,USR0109,2025-09-10,2025-09-25,15,2,82300
BKG02147,PKG0055,USR0133,2024-04-18,2024-05-18,30,8,135120
BKG02148,PKG0008,USR0223,2024-01-06,2024-01-08,2,8,445580
BKG02149,PKG0020,USR0203,2024-06-24,2024-07-14,20,2,45020
BKG02150,PKG0041,USR0336,2025-02-18,2025-02-23,5,2,25740
BKG02151,PKG0052,USR0337,2025-09-08,2025-12-07,90,2,19000
BKG02152,PKG0010,USR0372,2025-09-25,2025-10-15,20,2,28990
BKG02153,PKG0039,USR0316,2025-02-08,2025-06-08,120,2,28990
BKG02154,PKG0038,USR0155,2024-05-18,2024-05-23,5,6,697470
BKG02155,PKG0006,USR0008,2024-01-17,2024-02-16,30,2,19730
BKG02156,PKG0059,USR0357,2024-01-28,2024-03-13,45,3,66090
BKG02157,PKG0022,USR0108,2024-05-28,2024-06-17,20,3,22200
BKG02158,PKG0024,USR0333,2025-07-05,2025-07-20,15,4,81090
BKG02159,PKG0047,USR0098,2025-04-19,2025-05-09,20,3,100600
BKG02160,PKG0057,USR0076,2024-01-23,2024-02-22,30,4,56560
BKG02161,PKG0027,USR0060,2024-06-05,2024-06-20,15,2,20840
BKG02162,PKG0003,USR0379,2025-05-11,2025-07-10,60,4,431470
BKG02163,PKG0044,USR0242,2025-04-05,2025-04-25,20,4,269790
BKG02164,PKG0002,USR0300,2024-10-28,2024-11-12,15,6,59020
BKG02165,PKG0047,USR0292,2025-02-05,2025-06-05,120,10,200610
BKG02166,PKG0030,USR0027,2024-04-15,2024-04-20,5,6,858140
BKG02167,PKG0010,USR0323,2025-03-18,2025-03-28,10,10,161750
BKG02168,PKG0030,USR0213,2025-08-15,2025-09-14,30,2,187240
BKG02169,PKG0011,USR0306,2024-10-24,2024-11-08,15,3,161770
BKG02170,PKG0056,USR0019,2025-05-12,2025-09-09,120,4,107890
BKG02171,PKG0038,USR0263,2025-09-18,2026-03-17,180,10,551850
BKG02172,PKG0050,USR0348,2025-05-14,2025-06-03,20,2,11850
BKG02173,PKG0020,USR0119,2025-06-24,2025-09-22,90,1,21040
BKG02174,PKG0056,USR0010,2024-11-19,2025-02-17,90,1,33670
BKG02175,PKG0047,USR0284,2025-03-03,2025-04-02,30,10,248690
BKG02176,PKG0055,USR0243,2025-09-29,2025-11-13,45,2,35770
BKG02177,PKG0045,USR0331,2025-03-22,2025-09-18,180,5,138040
BKG02178,PKG0030,USR0011,2024-07-15,2025-01-11,180,3,281410
BKG02179,PKG0002,USR0241,2024-08-25,2024-09-04,10,8,64390
BKG02180,PKG0006,USR0260,2024-12-13,2025-03-13,90,4,38370
BKG02181,PKG0059,USR0309,2025-04-24,2025-05-24,30,4,106950
BKG02182,PKG0050,USR0068,2025-02-03,2025-04-04,60,2,13590
BKG02183,PKG0035,USR0214,2025-01-03,2025-02-17,45,10,36390
BKG02184,PKG0051,USR0242,2024-06-14,2024-09-12,90,4,53580
BKG02185,PKG0030,USR0319,2024-03-29,2024-04-08,10,3,352550
BKG02186,PKG0046,USR0342,2024-06-26,2024-07-06,10,5,161620
BKG02187,PKG0031,USR0103,2025-05-18,2025-08-16,90,6,152000
BKG02188,PKG0055,USR0052,2025-05-20,2025-07-19,60,2,27620
BKG02189,PKG0048,USR0156,2025-07-24,2025-07-29,5,4,42790
BKG02190,PKG0015,USR0025,2025-01-02,2025-01-22,20,3,22270
BKG02191,PKG0031,USR0134,2024-06-11,2024-09-09,90,2,51870
BKG02192,PKG0031,USR0090,2025-05-30,2025-06-09,10,2,79960
BKG02193,PKG0049,USR0017,2024-12-11,2025-03-11,90,2,54760
BKG02194,PKG0033,USR0221,2024-08-20,2024-10-19,60,6,124720
BKG02195,PKG0050,USR0062,2025-05-13,2025-06-27,45,1,6310
BKG02196,PKG0053,USR0133,2024-12-29,2025-01-03,5,4,188500
BKG02197,PKG0059,USR0394,2025-07-24,2025-08-13,20,1,23560
BKG02198,PKG0059,USR0137,2025-06-11,2025-08-10,60,2,44520
BKG02199,PKG0060,USR0310,2024-02-21,2024-03-02,10,2,12610
BKG02200,PKG0050,USR0225,2024-04-23,2024-05-13,20,3,21910
BKG02201,PKG0013,USR0055,2025-09-16,2025-10-01,15,3,71420
BKG02202,PKG0057,USR0053,2024-02-12,2024-05-12,90,3,44180
BKG02203,PKG0054,USR0260,2024-04-30,2024-05-05,5,1,33250
BKG02204,PKG0005,USR0106,2024-06-09,2024-06-19,10,2,47760
BKG02205,PKG0010,USR0373,2025-03-28,2025-04-27,30,1,18620
BKG02206,PKG0043,USR0391,2024-04-11,2024-04-16,5,4,165530
BKG02207,PKG0007,USR0079,2024-12-08,2024-12-18,10,2,23890
BKG02208,PKG0016,USR0071,2024-07-25,2024-08-24,30,1,30940
BKG02209,PKG0044,USR0225,2024-01-07,2024-02-06,30,5,269870
BKG02210,PKG0056,USR0126,2025-04-30,2025-05-30,30,5,200990
BKG02211,PKG0010,USR0175,2024-06-24,2024-06-29,5,2,44480
BKG02212,PKG0043,USR0044,2025-02-28,2025-03-10,10,1,32400
BKG02213,PKG0060,USR0185,2024-09-08,2024-09-28,20,6,30790
BKG02214,PKG0005,USR0078,2025-06-26,2025-06-28,2,2,57440
BKG02215,PKG0037,USR0216,2024-05-21,2024-06-05,15,5,195940
BKG02216,PKG0050,USR0220,2025-02-23,2025-03-05,10,2,13980
BKG02217,PKG0042,USR0235,2025-06-12,2025-07-27,45,2,82040
BKG02218,PKG0035,USR0350,2024-01-31,2024-02-10,10,2,10250
BKG02219,PKG0041,USR0227,2024-01-11,2024-02-25,45,8,61710
BKG02220,PKG0017,USR0368,2024-03-12,2024-04-11,30,4,100420
BKG02221,PKG0042,USR0044,2025-02-15,2025-03-07,20,6,287550
BKG02222,PKG0004,USR0396,2024-03-03,2024-03-18,15,1,9690
BKG02223,PKG0014,USR0202,2024-06-03,2024-06-08,5,2,17450
BKG02224,PKG0041,USR0295,2025-06-16,2025-07-31,45,10,78200
BKG02225,PKG0028,USR0152,2025-07-20,2025-07-25,5,3,47240
BKG02226,PKG0024,USR0156,2024-11-17,2024-11-22,5,1,31430
BKG02227,PKG0030,USR0177,2024-10-13,2024-11-12,30,2,208570
BKG02228,PKG0010,USR0271,2024-05-30,2024-06-19,20,1,16090
BKG02229,PKG0007,USR0359,2024-07-29,2024-08-03,5,1,10590
BKG02230,PKG0035,USR0279,2025-09-25,2025-10-25,30,3,12900
BKG02231,PKG0019,USR0334,2024-12-19,2025-01-08,20,2,70410
BKG02232,PKG0001,USR0333,2024-07-21,2024-08-20,30,2,85810
BKG02233,PKG0041,USR0155,2025-07-04,2025-07-19,15,4,41650
BKG02234,PKG0034,USR0172,2024-05-09,2024-05-19,10,4,227920
BKG02235,PKG0040,USR0267,2024-10-17,2025-01-15,90,3,63880
BKG02236,PKG0036,USR0110,2025-07-19,2025-09-02,45,4,23100
BKG02237,PKG0012,USR0160,2024-06-12,2024-06-22,10,1,55480
BKG02238,PKG0020,USR0012,2025-07-06,2025-10-04,90,3,63770
BKG02239,PKG0004,USR0304,2024-11-07,2024-12-22,45,1,10240
BKG02240,PKG0040,USR0372,2025-06-01,2025-09-29,120,2,34860
BKG02241,PKG0052,USR0057,2025-01-16,2025-03-17,60,5,43570
BKG02242,PKG0023,USR0133,2024-12-28,2025-02-11,45,5,315500
BKG02243,PKG0049,USR0064,2024-05-07,2024-05-17,10,2,86340
BKG02244,PKG0048,USR0230,2024-01-06,2024-03-06,60,2,15540
BKG02245,PKG0037,USR0233,2024-08-29,2024-10-13,45,1,34160
BKG02246,PKG0009,USR0382,2025-08-02,2025-08-22,20,3,35620
BKG02247,PKG0047,USR0366,2025-06-30,2025-08-29,60,2,51980
BKG02248,PKG0047,USR0305,2024-11-02,2025-01-31,90,6,153640
BKG02249,PKG0030,USR0146,2025-08-09,2025-08-24,15,4,418790
BKG02250,PKG0024,USR0345,2025-01-21,2025-01-31,10,6,132180
BKG02251,PKG0050,USR0267,2024-04-17,2024-07-16,90,4,19440
BKG02252,PKG0060,USR0168,2024-07-16,2024-07-31,15,2,12290
BKG02253,PKG0043,USR0399,2024-04-10,2024-04-25,15,5,164560
BKG02254,PKG0036,USR0076,2025-02-25,2025-04-26,60,4,28170
BKG02255,PKG0030,USR0042,2025-03-11,2025-03-26,15,4,428460
BKG02256,PKG0053,USR0067,2025-04-01,2025-05-31,60,6,183930
BKG02257,PKG0006,USR0040,2025-06-22,2025-07-12,20,6,57360
BKG02258,PKG0055,USR0207,2025-06-15,2025-07-05,20,5,71030
BKG02259,PKG0034,USR0399,2024-09-27,2024-11-26,60,1,45810
BKG02260,PKG0010,USR0300,2025-03-09,2025-05-08,60,2,29920
BKG02261,PKG0029,USR0226,2025-05-16,2025-07-15,60,10,169620
BKG02262,PKG0002,USR0375,2024-06-15,2024-06-25,10,2,18360
BKG02263,PKG0045,USR0074,2025-05-11,2025-11-07,180,4,108890
BKG02264,PKG0041,USR0365,2025-06-09,2025-07-09,30,2,15340
BKG02265,PKG0006,USR0271,2024-08-05,2024-08-10,5,4,49990
BKG02266,PKG0014,USR0234,2024-06-09,2024-09-07,90,1,5760
BKG02267,PKG0043,USR0287,2024-05-01,2024-05-16,15,1,39160
BKG02268,PKG0056,USR0309,2024-04-22,2024-04-24,2,5,249130
BKG02269,PKG0045,USR0062,2024-10-23,2025-02-20,120,2,50890
BKG02270,PKG0034,USR0021,2024-04-30,2024-06-29,60,5,198130
BKG02271,PKG0017,USR0191,2025-01-18,2025-03-04,45,2,44370
BKG02272,PKG0048,USR0156,2024-01-29,2024-03-14,45,1,7290
BKG02273,PKG0048,USR0074,2025-08-26,2025-10-10,45,3,24130
BKG02274,PKG0028,USR0216,2024-11-08,2024-11-13,5,2,38990
BKG02275,PKG0034,USR0146,2025-05-15,2025-06-29,45,2,81930
BKG02276,PKG0018,USR0002,2024-12-23,2024-12-25,2,6,105320
BKG02277,PKG0005,USR0035,2025-03-03,2025-03-18,15,2,49640
BKG02278,PKG0030,USR0247,2025-08-02,2025-09-16,45,4,397870
BKG02279,PKG0014,USR0232,2025-01-21,2025-02-20,30,6,30460
BKG02280,PKG0015,USR0244,2025-09-12,2025-09-22,10,3,21340
BKG02281,PKG0018,USR0068,2025-05-31,2025-07-15,45,8,97570
BKG02282,PKG0027,USR0326,2025-04-05,2025-06-04,60,3,25310
BKG02283,PKG0005,USR0342,2024-11-29,2024-12-01,2,2,62000
BKG02284,PKG0057,USR0046,2025-09-30,2025-11-14,45,8,127930
BKG02285,PKG0014,USR0210,2025-02-08,2025-02-18,10,2,13290
BKG02286,PKG0039,USR0174,2025-03-29,2025-05-13,45,2,39540
BKG02287,PKG0007,USR0377,2024-03-31,2024-05-30,60,8,57360
BKG02288,PKG0053,USR0085,2025-08-08,2025-08-23,15,5,176120
BKG02289,PKG0012,USR0323,2024-11-12,2024-11-22,10,1,58880
BKG02290,PKG0046,USR0288,2025-07-26,2025-08-15,20,5,145330
BKG02291,PKG0026,USR0044,2025-09-25,2025-09-30,5,6,240870
BKG02292,PKG0057,USR0278,2024-02-24,2024-04-24,60,4,57270
BKG02293,PKG0014,USR0292,2025-05-02,2025-07-01,60,2,10810
BKG02294,PKG0026,USR0258,2024-05-03,2024-06-17,45,1,34150
BKG02295,PKG0030,USR0338,2024-07-03,2024-10-01,90,6,479650
BKG02296,PKG0025,USR0010,2024-07-29,2024-08-08,10,2,27840
BKG02297,PKG0015,USR0126,2025-08-16,2025-09-05,20,6,41990
BKG02298,PKG0019,USR0228,2025-06-30,2025-07-10,10,4,144710
BKG02299,PKG0005,USR0311,2025-08-26,2025-11-24,90,2,48260
BKG02300,PKG0022,USR0024,2024-01-24,2024-02-03,10,3,27640
BKG02301,PKG0015,USR0175,2025-02-28,2025-03-15,15,8,53360
BKG02302,PKG0008,USR0013,2024-11-20,2025-05-19,180,4,155400
BKG02303,PKG0051,USR0196,2024-04-27,2024-08-25,120,10,102200
BKG02304,PKG0007,USR0051,2024-10-19,2025-02-16,120,3,20150
BKG02305,PKG0031,USR0074,2024-04-01,2024-04-16,15,2,80900
BKG02306,PKG0012,USR0079,2025-02-21,2025-03-13,20,8,345100
BKG02307,PKG0004,USR0348,2025-09-21,2025-09-26,5,2,24570
BKG02308,PKG0041,USR0167,2024-02-29,2024-03-15,15,2,20710
BKG02309,PKG0018,USR0153,2024-11-23,2024-12-23,30,4,59180
BKG02310,PKG0051,USR0073,2024-11-27,2024-12-02,5,2,49370
BKG02311,PKG0047,USR0133,2024-05-03,2024-05-13,10,8,257610
BKG02312,PKG0021,USR0027,2025-09-03,2025-10-18,45,2,36320
BKG02313,PKG0024,USR0301,2025-06-04,2025-10-02,120,3,42080
BKG02314,PKG0028,USR0386,2024-04-27,2024-07-26,90,4,47070
BKG02315,PKG0051,USR0138,2025-04-20,2025-04-30,10,1,20680
BKG02316,PKG0014,USR0284,2025-05-10,2025-06-24,45,1,5450
BKG02317,PKG0056,USR0015,2024-08-27,2024-11-25,90,10,371570
BKG02318,PKG0051,USR0010,2025-08-23,2025-10-07,45,1,18000
BKG02319,PKG0041,USR0346,2025-07-22,2025-10-20,90,1,8480
BKG02320,PKG0020,USR0334,2024-11-07,2025-01-06,60,5,136750
BKG02321,PKG0006,USR0291,2024-03-26,2024-03-31,5,4,57110
BKG02322,PKG0037,USR0326,2024-05-25,2024-06-09,15,2,77650
BKG02323,PKG0029,USR0192,2024-06-21,2024-07-11,20,4,79260
BKG02324,PKG0011,USR0126,2025-03-09,2025-04-23,45,10,430520
BKG02325,PKG0024,USR0285,2024-01-02,2024-01-17,15,8,197120
BKG02326,PKG0008,USR0238,2025-09-27,2025-11-26,60,5,196770
BKG02327,PKG0060,USR0149,2024-06-20,2024-10-18,120,3,12800
BKG02328,PKG0031,USR0001,2025-05-08,2025-05-28,20,3,112110
BKG02329,PKG0054,USR0140,2025-01-24,2025-02-08,15,3,64450
BKG02330,PKG0002,USR0180,2024-08-05,2024-08-07,2,4,43370
BKG02331,PKG0040,USR0300,2024-10-15,2025-02-12,120,2,30220
BKG02332,PKG0044,USR0024,2025-06-30,2025-07-15,15,4,262650
BKG02333,PKG0003,USR0289,2024-04-01,2024-05-16,45,3,431040
BKG02334,PKG0027,USR0203,2024-05-23,2024-06-12,20,10,74750
BKG02335,PKG0024,USR0372,2024-10-13,2024-11-12,30,5,99660
BKG02336,PKG0006,USR0222,2025-05-31,2025-07-30,60,3,28930
BKG02337,PKG0024,USR0163,2024-12-16,2024-12-31,15,6,135870
BKG02338,PKG0017,USR0326,2025-04-08,2025-08-06,120,6,111720
BKG02339,PKG0058,USR0140,2024-11-25,2025-03-25,120,1,23120
BKG02340,PKG0059,USR0175,2025-09-05,2025-11-04,60,10,196760
BKG02341,PKG0023,USR0169,2024-05-16,2024-06-05,20,4,261290
BKG02342,PKG0017,USR0331,2025-09-15,2025-12-14,90,2,42780
BKG02343,PKG0013,USR0244,2024-01-10,2024-03-10,60,10,200230
BKG02344,PKG0030,USR0345,2025-07-23,2025-08-07,15,8,702570
BKG02345,PKG0054,USR0357,2025-02-06,2025-04-07,60,2,44580
BKG02346,PKG0028,USR0276,2024-03-20,2024-04-09,20,2,31690
BKG02347,PKG0009,USR0276,2025-03-31,2025-04-10,10,2,33710
BKG02348,PKG0020,USR0345,2025-01-20,2025-02-09,20,2,49530
BKG02349,PKG0051,USR0308,2024-06-30,2024-07-30,30,3,44640
BKG02350,PKG0060,USR0394,2024-01-09,2024-01-19,10,3,19820
BKG02351,PKG0035,USR0064,2024-07-16,2024-07-31,15,6,30180
BKG02352,PKG0047,USR0228,2024-01-21,2024-02-05,15,4,132300
BKG02353,PKG0059,USR0389,2025-01-01,2025-01-03,2,2,71120
BKG02354,PKG0048,USR0099,2025-09-20,2025-09-30,10,8,67970
BKG02355,PKG0030,USR0321,2024-08-14,2024-09-28,45,2,195470
BKG02356,PKG0060,USR0120,2025-01-06,2025-02-20,45,2,11180
BKG02357,PKG0042,USR0019,2025-09-12,2025-10-02,20,3,135000
BKG02358,PKG0048,USR0108,2025-02-09,2025-05-10,90,6,53860
BKG02359,PKG0040,USR0057,2025-08-05,2025-09-04,30,1,19610
BKG02360,PKG0018,USR0257,2025-07-19,2025-11-16,120,2,26450
BKG02361,PKG0047,USR0100,2025-08-02,2025-09-01,30,6,150650
BKG02362,PKG0024,USR0345,2025-08-01,2025-10-30,90,4,64210
BKG02363,PKG0029,USR0090,2024-05-11,2024-05-16,5,3,93040
BKG02364,PKG0028,USR0382,2024-09-22,2024-10-07,15,4,60750
BKG02365,PKG0040,USR0292,2025-06-19,2025-07-19,30,5,103890
BKG02366,PKG0047,USR0374,2024-07-15,2024-08-14,30,2,54270
BKG02367,PKG0041,USR0348,2025-06-29,2025-12-26,180,5,43670
BKG02368,PKG0032,USR0315,2025-07-27,2025-09-10,45,2,46020
BKG02369,PKG0034,USR0233,2025-03-13,2025-04-27,45,2,92230
BKG02370,PKG0015,USR0329,2024-02-23,2024-04-08,45,4,32760
BKG02371,PKG0022,USR0166,2025-02-20,2025-02-25,5,2,19940
BKG02372,PKG0041,USR0141,2025-06-14,2025-07-14,30,8,60450
BKG02373,PKG0010,USR0239,2025-06-13,2025-07-28,45,2,28500
BKG02374,PKG0038,USR0389,2024-08-17,2024-10-01,45,2,145680
BKG02375,PKG0008,USR0025,2025-03-06,2025-06-04,90,5,175330
BKG02376,PKG0018,USR0273,2024-01-06,2024-04-05,90,2,25820
BKG02377,PKG0005,USR0201,2024-03-24,2024-04-23,30,3,77170
BKG02378,PKG0052,USR0293,2024-08-19,2024-09-03,15,2,22610
BKG02379,PKG0022,USR0354,2024-03-17,2024-04-16,30,4,36830
BKG02380,PKG0008,USR0128,2024-12-03,2024-12-18,15,1,46660
BKG02381,PKG0031,USR0160,2025-10-02,2025-10-17,15,8,263160
BKG02382,PKG0041,USR0050,2025-03-18,2025-03-28,10,2,21390
BKG02383,PKG0001,USR0013,2024-12-08,2025-02-06,60,1,43620
BKG02384,PKG0003,USR0129,2025-04-29,2025-05-14,15,4,621120
BKG02385,PKG0031,USR0123,2024-02-25,2024-04-25,60,6,190380
BKG02386,PKG0045,USR0171,2024-08-30,2024-12-28,120,1,32600
BKG02387,PKG0043,USR0038,2025-09-26,2025-10-06,10,10,295170
BKG02388,PKG0042,USR0225,2025-10-02,2025-10-22,20,5,237810
BKG02389,PKG0043,USR0229,2024-03-28,2024-07-26,120,4,97390
BKG02390,PKG0043,USR0032,2025-01-21,2025-07-20,180,1,22030
BKG02391,PKG0045,USR0161,2024-03-07,2024-03-17,10,4,137290
BKG02392,PKG0012,USR0066,2025-03-28,2025-06-26,90,3,128670
BKG02393,PKG0043,USR0029,2025-03-18,2025-04-17,30,6,177820
BKG02394,PKG0052,USR0034,2024-02-27,2024-02-29,2,2,30810
BKG02395,PKG0049,USR0287,2025-01-25,2025-03-11,45,2,58650
BKG02396,PKG0004,USR0206,2025-02-24,2025-05-25,90,2,17500
BKG02397,PKG0030,USR0120,2025-09-30,2026-01-28,120,8,649560
BKG02398,PKG0001,USR0006,2025-04-20,2025-04-25,5,3,197470
BKG02399,PKG0021,USR0220,2025-09-26,2025-10-11,15,3,64800
BKG02400,PKG0054,USR0052,2024-01-27,2024-02-16,20,4,72850
BKG02401,PKG0059,USR0233,2025-08-24,2025-09-23,30,3,69920
BKG02402,PKG0048,USR0099,2024-01-13,2024-04-12,90,1,9410
BKG02403,PKG0001,USR0305,2025-08-30,2025-09-01,2,4,254740
BKG02404,PKG0054,USR0100,2024-05-09,2024-05-11,2,2,60720
BKG02405,PKG0020,USR0327,2024-12-29,2025-01-28,30,3,84200
BKG02406,PKG0019,USR0216,2025-09-27,2025-10-12,15,2,71830
BKG02407,PKG0036,USR0228,2024-05-20,2024-07-04,45,5,27160
BKG02408,PKG0058,USR0023,2024-11-15,2024-12-30,45,1,29610
BKG02409,PKG0054,USR0300,2025-01-01,2025-01-16,15,2,53240
BKG02410,PKG0010,USR0160,2025-07-08,2025-07-23,15,2,34480
BKG02411,PKG0025,USR0398,2025-04-25,2025-04-30,5,1,17660
BKG02412,PKG0039,USR0159,2024-10-25,2025-02-22,120,2,26270
BKG02413,PKG0034,USR0189,2025-06-14,2025-07-14,30,2,74890
BKG02414,PKG0045,USR0301,2024-05-28,2024-05-30,2,6,300260
BKG02415,PKG0027,USR0030,2025-07-26,2025-08-15,20,2,17130
BKG02416,PKG0025,USR0028,2024-07-19,2024-07-24,5,2,27340
BKG02417,PKG0012,USR0103,2024-07-25,2024-10-23,90,2,89710
BKG02418,PKG0035,USR0036,2025-05-02,2025-06-16,45,2,10150
BKG02419,PKG0010,USR0356,2025-04-23,2025-05-23,30,6,105160
BKG02420,PKG0030,USR0308,2025-08-15,2025-08-30,15,2,200370
BKG02421,PKG0015,USR0290,2025-09-22,2025-09-27,5,4,31640
BKG02422,PKG0056,USR0154,2024-06-15,2024-06-30,15,6,237850
BKG02423,PKG0015,USR0054,2024-02-13,2024-02-23,10,6,45520
BKG02424,PKG0057,USR0254,2024-01-04,2024-01-24,20,2,31890
BKG02425,PKG0019,USR0328,2024-08-23,2024-09-22,30,8,227610
BKG02426,PKG0044,USR0239,2024-09-01,2024-09-16,15,2,138070
BKG02427,PKG0025,USR0247,2024-12-05,2024-12-20,15,2,30660
BKG02428,PKG0028,USR0379,2025-02-13,2025-02-23,10,5,70050
BKG02429,PKG0012,USR0095,2024-01-07,2024-01-22,15,1,62970
BKG02430,PKG0006,USR0186,2025-01-01,2025-06-30,180,2,17370
BKG02431,PKG0038,USR0016,2024-05-25,2024-06-24,30,2,152920
BKG02432,PKG0030,USR0149,2025-08-22,2025-09-21,30,4,373940
BKG02433,PKG0030,USR0392,2024-01-31,2024-03-01,30,10,864500
BKG02434,PKG0055,USR0102,2024-06-27,2024-07-12,15,2,33410
BKG02435,PKG0019,USR0113,2024-06-27,2024-09-25,90,2,53210
BKG02436,PKG0009,USR0174,2024-09-08,2024-10-23,45,4,45690
BKG02437,PKG0052,USR0092,2024-06-29,2024-08-13,45,2,18990
BKG02438,PKG0040,USR0135,2024-01-22,2024-02-21,30,2,38090
BKG02439,PKG0021,USR0347,2024-04-23,2024-07-22,90,4,58410
BKG02440,PKG0051,USR0174,2024-11-08,2024-11-23,15,2,47060
BKG02441,PKG0011,USR0234,2025-01-16,2025-03-02,45,5,208390
BKG02442,PKG0039,USR0339,2025-06-23,2025-10-21,120,2,28410
BKG02443,PKG0013,USR0320,2024-03-07,2024-04-21,45,8,190620
BKG02444,PKG0008,USR0061,2024-05-13,2024-05-18,5,3,164870
BKG02445,PKG0048,USR0098,2025-01-22,2025-01-27,5,6,76670
BKG02446,PKG0028,USR0356,2025-09-05,2025-10-20,45,4,47490
BKG02447,PKG0054,USR0220,2024-09-07,2024-09-12,5,3,77870
BKG02448,PKG0040,USR0024,2025-08-24,2025-08-26,2,2,51190
BKG02449,PKG0059,USR0097,2024-10-28,2024-12-12,45,2,56300
BKG02450,PKG0013,USR0077,2024-02-24,2024-08-22,180,3,55850
BKG02451,PKG0053,USR0323,2024-05-09,2024-05-14,5,10,468970
BKG02452,PKG0055,USR0261,2025-05-15,2025-05-30,15,3,69390
BKG02453,PKG0023,USR0108,2025-04-26,2025-07-25,90,1,62640
BKG02454,PKG0027,USR0340,2024-06-20,2024-07-20,30,3,22550
BKG02455,PKG0047,USR0261,2025-06-05,2025-06-25,20,3,84440
BKG02456,PKG0052,USR0192,2025-04-20,2025-10-17,180,3,26490
BKG02457,PKG0028,USR0092,2025-01-17,2025-02-01,15,4,55960
BKG02458,PKG0017,USR0270,2025-05-21,2025-11-17,180,2,38850
BKG02459,PKG0049,USR0243,2025-02-14,2025-03-01,15,2,77000
BKG02460,PKG0028,USR0327,2025-08-20,2025-10-04,45,2,30340
BKG02461,PKG0021,USR0333,2024-08-12,2024-09-26,45,2,36710
BKG02462,PKG0050,USR0104,2024-08-28,2024-09-12,15,3,20100
BKG02463,PKG0025,USR0203,2025-03-11,2025-04-10,30,4,46390
BKG02464,PKG0020,USR0194,2025-01-18,2025-03-04,45,5,120240
BKG02465,PKG0051,USR0131,2024-05-17,2024-06-06,20,4,56240
BKG02466,PKG0052,USR0385,2025-03-31,2025-04-15,15,2,31740
BKG02467,PKG0059,USR0266,2025-08-20,2025-10-04,45,2,46780
BKG02468,PKG0028,USR0022,2025-09-28,2025-10-13,15,5,73510
BKG02469,PKG0041,USR0173,2025-04-23,2025-04-28,5,3,34810
BKG02470,PKG0045,USR0222,2025-05-24,2025-08-22,90,2,60180
BKG02471,PKG0007,USR0163,2024-01-26,2024-03-11,45,4,33430
BKG02472,PKG0030,USR0092,2024-09-28,2024-10-03,5,3,358070
BKG02473,PKG0006,USR0331,2024-03-25,2024-04-04,10,3,36610
BKG02474,PKG0047,USR0151,2025-06-09,2025-06-19,10,6,181010
BKG02475,PKG0052,USR0280,2024-10-10,2024-11-09,30,3,32530
BKG02476,PKG0033,USR0117,2024-03-14,2024-07-12,120,4,74450
BKG02477,PKG0049,USR0185,2024-07-24,2024-10-22,90,1,30770
BKG02478,PKG0006,USR0171,2024-12-03,2025-02-01,60,6,49730
BKG02479,PKG0047,USR0129,2024-10-08,2024-10-23,15,4,128610
BKG02480,PKG0040,USR0098,2024-05-21,2024-06-20,30,6,123970
BKG02481,PKG0035,USR0386,2025-07-10,2025-07-20,10,8,38130
BKG02482,PKG0006,USR0134,2024-11-02,2025-03-02,120,8,60820
BKG02483,PKG0043,USR0145,2025-02-17,2025-04-03,45,2,62460
BKG02484,PKG0042,USR0208,2024-01-13,2024-03-13,60,5,191570
BKG02485,PKG0001,USR0242,2024-06-01,2024-07-01,30,5,233420
BKG02486,PKG0008,USR0204,2024-08-02,2024-08-04,2,2,109140
BKG02487,PKG0010,USR0243,2025-08-24,2025-09-23,30,2,31230
BKG02488,PKG0028,USR0283,2025-04-17,2025-05-17,30,10,142120
BKG02489,PKG0053,USR0175,2024-11-16,2024-12-06,20,1,40540
BKG02490,PKG0022,USR0097,2025-03-03,2025-04-17,45,3,27410
BKG02491,PKG0016,USR0108,2025-07-25,2025-08-09,15,2,85420
BKG02492,PKG0010,USR0016,2025-08-14,2025-11-12,90,3,43050
BKG02493,PKG0010,USR0066,2024-01-10,2024-05-09,120,3,44530
BKG02494,PKG0018,USR0256,2024-12-29,2025-01-28,30,8,114620
BKG02495,PKG0052,USR0174,2025-03-11,2025-03-31,20,2,19990
BKG02496,PKG0056,USR0352,2025-07-04,2025-12-31,180,2,69090
BKG02497,PKG0024,USR0154,2024-01-24,2024-04-23,90,5,101020
BKG02498,PKG0023,USR0291,2024-05-22,2024-06-11,20,2,130260
BKG02499,PKG0055,USR0079,2024-12-04,2025-01-18,45,3,57860
BKG02500,PKG0056,USR0291,2025-09-09,2025-10-09,30,2,73150
BKG02501,PKG0048,USR0312,2025-02-04,2025-02-24,20,2,15140
BKG02502,PKG0051,USR0196,2025-02-04,2025-03-06,30,4,55330
BKG02503,PKG0016,USR0033,2024-07-11,2024-08-25,45,4,125070
BKG02504,PKG0029,USR0244,2025-08-06,2025-12-04,120,3,66760
BKG02505,PKG0001,USR0232,2024-11-07,2024-11-17,10,3,203730
BKG02506,PKG0041,USR0048,2025-07-20,2025-10-18,90,2,15720
BKG02507,PKG0024,USR0091,2025-09-09,2025-12-08,90,4,67870
BKG02508,PKG0027,USR0251,2024-07-22,2024-08-21,30,2,15560
BKG02509,PKG0011,USR0036,2025-01-30,2025-04-30,90,2,95020
BKG02510,PKG0016,USR0146,2024-10-25,2025-02-22,120,4,105860
BKG02511,PKG0035,USR0338,2025-04-10,2025-07-09,90,6,23890
BKG02512,PKG0043,USR0030,2024-01-12,2024-01-17,5,1,44200
BKG02513,PKG0007,USR0088,2025-02-24,2025-04-25,60,6,52140
BKG02514,PKG0055,USR0201,2024-04-23,2024-06-22,60,3,45910
BKG02515,PKG0023,USR0067,2025-05-04,2025-05-06,2,2,224490
BKG02516,PKG0043,USR0381,2024-07-30,2024-09-13,45,2,59460
BKG02517,PKG0019,USR0067,2024-11-13,2024-12-03,20,1,35880
BKG02518,PKG0028,USR0222,2025-05-01,2025-06-15,45,5,66670
BKG02519,PKG0038,USR0082,2024-11-13,2024-11-15,2,2,226050
BKG02520,PKG0033,USR0301,2025-04-14,2025-07-13,90,2,43440
BKG02521,PKG0016,USR0142,2024-05-26,2024-06-15,20,5,155530
BKG02522,PKG0026,USR0229,2025-02-12,2025-02-27,15,4,146450
BKG02523,PKG0046,USR0310,2025-06-22,2025-08-06,45,3,81250
BKG02524,PKG0002,USR0169,2025-05-17,2025-09-14,120,3,23390
BKG02525,PKG0051,USR0236,2024-02-10,2024-02-15,5,2,40820
BKG02526,PKG0041,USR0378,2025-04-12,2025-04-22,10,4,44360
BKG02527,PKG0049,USR0178,2024-10-31,2024-11-10,10,3,129080
BKG02528,PKG0013,USR0201,2024-06-28,2024-07-13,15,5,131490
BKG02529,PKG0008,USR0213,2025-09-24,2025-10-04,10,4,195440
BKG02530,PKG0034,USR0376,2025-01-28,2025-02-17,20,4,160090
BKG02531,PKG0007,USR0338,2025-08-05,2025-08-25,20,2,18190
BKG02532,PKG0042,USR0049,2024-02-14,2024-05-14,90,8,377830
BKG02533,PKG0019,USR0123,2024-06-10,2024-06-30,20,2,58150
BKG02534,PKG0059,USR0141,2025-07-04,2025-07-24,20,3,70750
BKG02535,PKG0018,USR0150,2024-03-09,2024-05-08,60,2,27230
BKG02536,PKG0047,USR0358,2024-08-10,2024-08-20,10,6,183190
BKG02537,PKG0023,USR0253,2025-07-20,2025-09-03,45,1,59500
BKG02538,PKG0016,USR0063,2024-03-19,2024-05-03,45,1,40540
BKG02539,PKG0031,USR0387,2024-11-29,2024-12-09,10,10,411340
BKG02540,PKG0041,USR0210,2024-09-15,2024-11-14,60,4,37670
BKG02541,PKG0008,USR0107,2025-04-18,2025-06-02,45,4,158280
BKG02542,PKG0021,USR0014,2025-04-17,2025-04-27,10,10,236340
BKG02543,PKG0008,USR0196,2025-02-12,2025-02-27,15,2,93170
BKG02544,PKG0014,USR0100,2024-01-11,2024-02-10,30,2,11910
BKG02545,PKG0023,USR0129,2024-05-19,2024-06-08,20,4,268500
BKG02546,PKG0051,USR0168,2025-04-20,2025-06-04,45,2,31820
BKG02547,PKG0008,USR0249,2024-03-25,2024-09-21,180,2,75880
BKG02548,PKG0016,USR0281,2025-03-24,2025-04-13,20,8,296570
BKG02549,PKG0007,USR0072,2024-10-12,2025-02-09,120,6,40520
BKG02550,PKG0037,USR0083,2024-01-19,2024-03-04,45,2,66210
BKG02551,PKG0058,USR0311,2024-10-28,2025-02-25,120,5,111480
BKG02552,PKG0019,USR0064,2025-02-04,2025-02-24,20,2,60160
BKG02553,PKG0007,USR0087,2024-01-12,2024-01-17,5,4,51250
BKG02554,PKG0047,USR0347,2025-03-27,2025-05-11,45,2,62030
BKG02555,PKG0006,USR0184,2024-02-05,2024-02-07,2,1,13870
BKG02556,PKG0034,USR0346,2025-03-28,2025-04-17,20,6,276380
BKG02557,PKG0009,USR0357,2025-06-19,2025-07-04,15,4,54330
BKG02558,PKG0023,USR0329,2024-04-15,2024-06-14,60,2,118860
BKG02559,PKG0027,USR0200,2025-03-30,2025-04-29,30,2,20570
BKG02560,PKG0026,USR0027,2024-02-19,2024-02-24,5,3,119020
BKG02561,PKG0044,USR0396,2024-07-25,2024-07-30,5,2,144250
BKG02562,PKG0031,USR0128,2024-09-01,2024-10-31,60,4,110920
BKG02563,PKG0031,USR0103,2025-03-07,2025-07-05,120,5,120920
BKG02564,PKG0003,USR0015,2024-12-11,2025-01-10,30,5,720720
BKG02565,PKG0020,USR0099,2024-03-05,2024-04-04,30,2,58100
BKG02566,PKG0026,USR0113,2024-04-08,2024-05-23,45,5,185280
BKG02567,PKG0004,USR0341,2024-06-20,2024-07-10,20,5,36590
BKG02568,PKG0022,USR0023,2024-04-20,2024-06-04,45,2,15460
BKG02569,PKG0035,USR0168,2024-07-13,2024-08-12,30,2,9890
BKG02570,PKG0054,USR0320,2025-07-08,2025-07-10,2,4,103740
BKG02571,PKG0049,USR0203,2024-05-03,2024-05-08,5,4,201300
BKG02572,PKG0045,USR0119,2024-12-31,2025-02-14,45,3,92500
BKG02573,PKG0033,USR0166,2025-02-15,2025-04-01,45,10,258190
BKG02574,PKG0048,USR0335,2025-02-02,2025-02-17,15,4,37640
BKG02575,PKG0015,USR0109,2024-03-08,2024-07-06,120,3,17410
BKG02576,PKG0025,USR0337,2025-09-30,2025-10-15,15,4,42180
BKG02577,PKG0019,USR0189,2024-08-11,2024-09-10,30,3,85180
BKG02578,PKG0010,USR0211,2025-09-05,2025-09-10,5,3,62360
BKG02579,PKG0028,USR0256,2024-04-14,2024-04-24,10,3,55390
BKG02580,PKG0046,USR0365,2025-08-05,2025-08-15,10,8,270560
BKG02581,PKG0053,USR0088,2024-04-07,2024-04-22,15,2,83910
BKG02582,PKG0012,USR0308,2025-02-01,2025-02-11,10,2,97100
BKG02583,PKG0006,USR0348,2024-05-16,2024-07-15,60,3,26840
BKG02584,PKG0031,USR0171,2024-11-21,2025-01-20,60,4,119750
BKG02585,PKG0038,USR0342,2024-12-09,2024-12-29,20,2,166940
BKG02586,PKG0047,USR0010,2025-08-22,2025-09-21,30,5,115890
BKG02587,PKG0037,USR0230,2024-08-26,2024-10-10,45,4,146510
BKG02588,PKG0044,USR0258,2024-01-14,2024-07-12,180,4,190760
BKG02589,PKG0026,USR0120,2024-05-07,2024-05-22,15,5,189330
BKG02590,PKG0005,USR0159,2025-03-14,2025-03-24,10,4,101410
BKG02591,PKG0048,USR0388,2024-03-22,2024-07-20,120,2,14160
BKG02592,PKG0042,USR0031,2025-05-25,2025-06-04,10,2,104190
BKG02593,PKG0006,USR0152,2025-01-19,2025-02-18,30,5,44720
BKG02594,PKG0012,USR0105,2024-08-31,2024-09-20,20,3,137660
BKG02595,PKG0036,USR0372,2025-03-30,2025-05-14,45,10,70880
BKG02596,PKG0044,USR0379,2024-05-17,2024-08-15,90,6,280020
BKG02597,PKG0049,USR0143,2024-02-10,2024-02-25,15,1,38510
BKG02598,PKG0001,USR0267,2025-02-28,2025-03-05,5,2,118250
BKG02599,PKG0053,USR0332,2024-01-25,2024-03-25,60,2,54770
BKG02600,PKG0045,USR0118,2024-12-05,2024-12-10,5,2,95580
BKG02601,PKG0057,USR0176,2025-07-06,2026-01-02,180,3,41690
BKG02602,PKG0049,USR0028,2024-09-11,2024-10-01,20,2,64210
BKG02603,PKG0008,USR0352,2024-08-15,2024-08-30,15,2,94800
BKG02604,PKG0001,USR0312,2025-06-17,2025-06-27,10,2,105870
BKG02605,PKG0024,USR0165,2024-01-07,2024-01-12,5,5,146560
BKG02606,PKG0032,USR0034,2024-03-12,2024-03-27,15,3,79770
BKG02607,PKG0031,USR0099,2024-05-24,2024-05-26,2,2,97270
BKG02608,PKG0058,USR0105,2024-06-26,2024-09-24,90,3,65420
BKG02609,PKG0024,USR0304,2024-07-28,2024-10-26,90,1,16880
BKG02610,PKG0010,USR0121,2025-03-12,2025-04-26,45,6,104000
BKG02611,PKG0052,USR0372,2024-06-17,2024-06-19,2,4,48600
BKG02612,PKG0042,USR0370,2025-03-10,2025-03-25,15,1,52500
BKG02613,PKG0001,USR0091,2024-11-06,2024-11-26,20,4,213240
BKG02614,PKG0042,USR0147,2024-07-25,2024-08-04,10,5,267800
BKG02615,PKG0032,USR0140,2025-05-07,2025-05-22,15,2,62910
BKG02616,PKG0005,USR0041,2025-01-03,2025-05-03,120,2,40490
BKG02617,PKG0040,USR0204,2025-04-27,2025-06-11,45,8,142750
BKG02618,PKG0057,USR0226,2025-09-16,2025-09-26,10,4,63010
BKG02619,PKG0008,USR0377,2024-06-08,2024-07-23,45,4,130540
BKG02620,PKG0028,USR0247,2025-01-25,2025-05-25,120,2,27250
BKG02621,PKG0049,USR0219,2024-11-03,2025-03-03,120,4,109960
BKG02622,PKG0016,USR0305,2025-07-20,2025-09-18,60,5,150660
BKG02623,PKG0042,USR0373,2025-01-24,2025-02-08,15,4,197720
BKG02624,PKG0011,USR0238,2024-10-17,2024-10-22,5,4,204790
BKG02625,PKG0005,USR0193,2025-05-07,2025-05-27,20,4,90930
BKG02626,PKG0014,USR0037,2025-04-25,2025-05-15,20,4,24870
BKG02627,PKG0039,USR0101,2024-07-13,2024-07-28,15,8,123660
BKG02628,PKG0060,USR0003,2025-05-27,2025-09-24,120,1,5030
BKG02629,PKG0005,USR0374,2025-05-18,2025-08-16,90,2,35720
BKG02630,PKG0011,USR0208,2025-02-08,2025-04-09,60,2,79900
BKG02631,PKG0033,USR0381,2025-05-16,2025-08-14,90,3,62330
BKG02632,PKG0005,USR0158,2025-08-25,2025-09-04,10,4,99840
BKG02633,PKG0015,USR0037,2024-02-09,2024-02-24,15,10,67500
BKG02634,PKG0028,USR0064,2025-08-02,2025-11-30,120,2,27050
BKG02635,PKG0034,USR0084,2025-03-22,2025-06-20,90,8,269830
BKG02636,PKG0016,USR0131,2024-12-22,2025-01-06,15,10,409750
BKG02637,PKG0060,USR0261,2025-01-12,2025-01-22,10,3,21420
BKG02638,PKG0009,USR0357,2025-01-29,2025-02-08,10,8,109800
BKG02639,PKG0033,USR0218,2024-09-05,2024-09-20,15,4,100090
BKG02640,PKG0059,USR0245,2025-01-05,2025-03-06,60,5,95180
BKG02641,PKG0031,USR0324,2024-01-29,2024-02-18,20,3,95650
BKG02642,PKG0040,USR0358,2024-05-31,2024-06-10,10,2,44640
BKG02643,PKG0059,USR0134,2024-05-30,2024-07-14,45,2,41500
BKG02644,PKG0041,USR0131,2025-08-15,2025-09-14,30,2,16260
BKG02645,PKG0028,USR0340,2024-01-13,2024-01-18,5,6,110270
BKG02646,PKG0054,USR0060,2025-01-28,2025-07-27,180,1,15500
BKG02647,PKG0019,USR0204,2024-03-23,2024-05-07,45,10,309830
BKG02648,PKG0058,USR0266,2025-03-09,2025-07-07,120,8,166130
BKG02649,PKG0040,USR0085,2024-09-15,2024-09-25,10,3,64840
BKG02650,PKG0055,USR0355,2025-06-29,2025-07-01,2,4,79240
BKG02651,PKG0028,USR0338,2025-08-23,2025-10-07,45,10,115220
BKG02652,PKG0020,USR0158,2024-04-01,2024-05-16,45,4,119760
BKG02653,PKG0045,USR0056,2024-12-18,2024-12-20,2,3,139760
BKG02654,PKG0048,USR0074,2024-08-02,2024-08-12,10,6,56050
BKG02655,PKG0004,USR0384,2024-11-11,2024-12-01,20,4,36970
BKG02656,PKG0059,USR0004,2025-05-18,2025-08-16,90,10,196610
BKG02657,PKG0048,USR0001,2025-03-03,2025-05-02,60,4,29830
BKG02658,PKG0025,USR0269,2024-10-22,2024-11-01,10,2,30220
BKG02659,PKG0023,USR0376,2024-06-29,2024-08-13,45,2,144490
BKG02660,PKG0042,USR0192,2024-05-17,2024-05-22,5,1,73810
BKG02661,PKG0028,USR0102,2025-05-29,2025-09-26,120,2,24750
BKG02662,PKG0032,USR0057,2024-08-05,2024-11-03,90,2,50980
BKG02663,PKG0051,USR0096,2024-07-06,2024-08-05,30,5,80720
BKG02664,PKG0032,USR0389,2025-02-22,2025-04-08,45,4,116330
BKG02665,PKG0032,USR0226,2025-10-01,2025-11-15,45,6,170660
BKG02666,PKG0005,USR0056,2024-06-19,2024-07-04,15,4,97190
BKG02667,PKG0052,USR0041,2025-01-21,2025-02-20,30,10,91260
BKG02668,PKG0022,USR0064,2024-12-16,2024-12-26,10,2,22300
BKG02669,PKG0014,USR0016,2025-05-04,2025-05-24,20,2,15910
BKG02670,PKG0020,USR0249,2024-04-13,2024-05-28,45,10,263600
BKG02671,PKG0029,USR0005,2024-01-08,2024-02-22,45,3,62820
BKG02672,PKG0037,USR0341,2024-02-12,2024-02-17,5,3,166090
BKG02673,PKG0053,USR0050,2024-01-08,2024-01-13,5,2,91780
BKG02674,PKG0053,USR0193,2024-09-29,2024-10-09,10,3,109110
BKG02675,PKG0044,USR0249,2024-12-11,2024-12-31,20,1,71720
BKG02676,PKG0056,USR0310,2025-01-14,2025-01-24,10,3,140020
BKG02677,PKG0051,USR0350,2024-11-18,2025-01-17,60,2,32570
BKG02678,PKG0059,USR0123,2025-02-12,2025-03-04,20,4,87980
BKG02679,PKG0028,USR0194,2024-12-30,2025-01-29,30,8,108650
BKG02680,PKG0012,USR0170,2024-01-04,2024-01-14,10,3,172870
BKG02681,PKG0060,USR0234,2025-02-15,2025-04-01,45,5,30520
BKG02682,PKG0011,USR0372,2024-05-22,2024-06-11,20,4,162300
BKG02683,PKG0014,USR0014,2025-06-27,2025-07-17,20,5,27990
BKG02684,PKG0052,USR0144,2024-09-11,2024-10-11,30,2,19090
BKG02685,PKG0030,USR0189,2025-05-01,2025-06-30,60,4,329730
BKG02686,PKG0028,USR0264,2024-07-11,2024-10-09,90,1,13210
BKG02687,PKG0036,USR0002,2024-11-25,2024-12-10,15,2,15670
BKG02688,PKG0044,USR0009,2024-02-16,2024-03-07,20,2,123000
BKG02689,PKG0043,USR0377,2025-03-30,2025-04-29,30,5,168680
BKG02690,PKG0018,USR0120,2025-02-13,2025-06-13,120,2,25140
BKG02691,PKG0009,USR0379,2024-03-24,2024-09-20,180,1,10140
BKG02692,PKG0033,USR0179,2025-05-02,2025-06-16,45,10,219550
BKG02693,PKG0018,USR0338,2024-04-12,2024-04-17,5,4,75320
BKG02694,PKG0034,USR0376,2025-09-13,2025-10-03,20,1,41280
BKG02695,PKG0055,USR0100,2025-06-16,2025-07-01,15,2,37430
BKG02696,PKG0051,USR0293,2025-05-31,2025-06-30,30,2,30180
BKG02697,PKG0045,USR0017,2024-03-30,2024-04-09,10,1,42580
BKG02698,PKG0029,USR0155,2025-07-15,2025-08-14,30,8,167590
BKG02699,PKG0031,USR0240,2025-04-01,2025-05-16,45,6,204760
BKG02700,PKG0019,USR0060,2025-07-07,2025-08-21,45,2,59230
BKG02701,PKG0054,USR0124,2024-06-23,2024-07-13,20,4,73560
BKG02702,PKG0047,USR0386,2024-04-01,2024-05-16,45,2,56630
BKG02703,PKG0036,USR0055,2024-01-30,2024-02-14,15,4,26310
BKG02704,PKG0023,USR0083,2024-11-30,2024-12-30,30,3,231540
BKG02705,PKG0058,USR0197,2024-08-13,2024-08-28,15,2,64180
BKG02706,PKG0002,USR0369,2025-05-02,2025-07-31,90,1,7990
BKG02707,PKG0013,USR0344,2024-05-19,2024-06-08,20,3,69330
BKG02708,PKG0022,USR0274,2025-05-18,2025-06-07,20,4,28170
BKG02709,PKG0017,USR0047,2024-12-06,2024-12-08,2,2,64030
BKG02710,PKG0002,USR0115,2025-09-07,2025-09-22,15,1,9950
BKG02711,PKG0042,USR0034,2025-01-21,2025-02-05,15,2,114180
BKG02712,PKG0013,USR0368,2025-01-25,2025-07-24,180,6,112140
BKG02713,PKG0046,USR0335,2025-07-29,2025-11-26,120,4,101670
BKG02714,PKG0019,USR0224,2024-08-16,2025-02-12,180,1,25960
BKG02715,PKG0006,USR0133,2024-03-30,2024-04-14,15,2,25580
BKG02716,PKG0021,USR0058,2025-08-29,2025-09-03,5,2,49060
BKG02717,PKG0034,USR0097,2024-04-28,2024-06-12,45,3,112980
BKG02718,PKG0003,USR0294,2024-11-16,2025-01-15,60,6,749280
BKG02719,PKG0028,USR0195,2024-01-02,2024-01-12,10,1,18220
BKG02720,PKG0025,USR0160,2025-07-02,2025-07-17,15,2,24980
BKG02721,PKG0029,USR0098,2025-03-09,2025-03-19,10,1,24880
BKG02722,PKG0017,USR0164,2024-05-09,2024-06-23,45,2,45670
BKG02723,PKG0060,USR0267,2025-08-27,2025-10-11,45,6,29950
BKG02724,PKG0052,USR0114,2024-01-10,2024-01-30,20,2,24110
BKG02725,PKG0042,USR0276,2024-11-19,2024-12-09,20,1,66010
BKG02726,PKG0027,USR0075,2024-10-30,2024-11-14,15,1,11990
BKG02727,PKG0001,USR0113,2025-04-11,2025-05-11,30,6,283770
BKG02728,PKG0012,USR0076,2024-05-29,2024-06-18,20,2,99160
BKG02729,PKG0024,USR0383,2024-02-05,2024-03-06,30,8,117860
BKG02730,PKG0025,USR0307,2025-05-29,2025-05-31,2,4,56740
BKG02731,PKG0040,USR0353,2025-08-10,2025-12-08,120,3,56860
BKG02732,PKG0046,USR0245,2024-08-08,2024-09-22,45,4,107170
BKG02733,PKG0029,USR0254,2025-01-20,2025-02-19,30,6,105910
BKG02734,PKG0039,USR0031,2024-12-07,2025-06-05,180,6,83380
BKG02735,PKG0007,USR0079,2024-08-03,2024-08-23,20,2,14970
BKG02736,PKG0040,USR0376,2024-08-18,2024-08-23,5,2,57940
BKG02737,PKG0037,USR0359,2024-07-02,2024-10-30,120,3,93830
BKG02738,PKG0019,USR0250,2024-11-02,2024-12-02,30,2,66560
BKG02739,PKG0014,USR0338,2024-06-12,2024-09-10,90,2,10270
BKG02740,PKG0056,USR0012,2024-12-11,2024-12-31,20,5,171920
BKG02741,PKG0048,USR0217,2024-12-22,2025-01-21,30,3,27610
BKG02742,PKG0008,USR0388,2024-03-14,2024-07-12,120,2,62300
BKG02743,PKG0025,USR0271,2024-10-16,2024-10-21,5,1,15260
BKG02744,PKG0057,USR0357,2025-07-15,2025-08-04,20,6,74410
BKG02745,PKG0029,USR0202,2024-11-27,2024-12-27,30,5,120090
BKG02746,PKG0006,USR0386,2024-02-25,2024-05-25,90,5,55850
BKG02747,PKG0031,USR0364,2024-06-16,2024-07-16,30,2,63640
BKG02748,PKG0052,USR0296,2025-05-09,2025-08-07,90,3,27450
BKG02749,PKG0027,USR0150,2024-08-02,2024-08-07,5,2,24440
BKG02750,PKG0040,USR0112,2024-07-19,2024-08-18,30,4,74100
BKG02751,PKG0059,USR0377,2025-01-05,2025-01-25,20,4,99070
BKG02752,PKG0037,USR0372,2024-04-14,2024-04-19,5,3,167140
BKG02753,PKG0033,USR0348,2024-05-31,2024-08-29,90,4,95020
BKG02754,PKG0010,USR0193,2025-03-13,2025-06-11,90,8,112890
BKG02755,PKG0018,USR0348,2024-02-27,2024-05-27,90,3,40380
BKG02756,PKG0002,USR0050,2025-04-30,2025-05-10,10,2,21660
BKG02757,PKG0023,USR0092,2024-04-30,2024-08-28,120,5,275910
BKG02758,PKG0028,USR0264,2025-08-30,2025-09-19,20,2,27900
BKG02759,PKG0031,USR0223,2025-02-17,2025-04-18,60,2,69810
BKG02760,PKG0013,USR0126,2024-09-03,2024-09-23,20,1,23880
BKG02761,PKG0034,USR0204,2025-09-02,2025-11-01,60,3,135120
BKG02762,PKG0028,USR0089,2025-01-19,2025-01-21,2,1,20250
BKG02763,PKG0024,USR0398,2024-04-01,2024-05-01,30,2,46150
BKG02764,PKG0019,USR0399,2025-01-26,2025-02-25,30,3,82330
BKG02765,PKG0033,USR0141,2025-03-31,2025-04-05,5,2,75650
BKG02766,PKG0014,USR0189,2024-04-29,2024-05-01,2,10,76630
BKG02767,PKG0028,USR0043,2025-06-05,2025-07-20,45,4,50300
BKG02768,PKG0021,USR0116,2025-08-09,2025-09-08,30,2,37970
BKG02769,PKG0010,USR0294,2024-04-06,2024-04-16,10,10,188710
BKG02770,PKG0004,USR0304,2025-05-10,2025-05-12,2,4,59300
BKG02771,PKG0003,USR0331,2024-11-01,2024-12-16,45,8,1032880
BKG02772,PKG0046,USR0293,2024-11-29,2024-12-04,5,2,89890
BKG02773,PKG0035,USR0033,2025-07-04,2025-09-02,60,2,8510
BKG02774,PKG0047,USR0095,2024-01-21,2024-01-26,5,4,150500
BKG02775,PKG0007,USR0202,2025-07-03,2025-07-08,5,2,22160
BKG02776,PKG0027,USR0272,2025-06-15,2025-06-25,10,2,19400
BKG02777,PKG0005,USR0300,2024-05-07,2024-08-05,90,2,44660
BKG02778,PKG0008,USR0386,2024-04-30,2024-07-29,90,2,72990
BKG02779,PKG0056,USR0093,2024-07-03,2024-10-31,120,1,32100
BKG02780,PKG0045,USR0003,2024-11-17,2024-12-07,20,4,148360
BKG02781,PKG0035,USR0063,2025-08-11,2025-08-31,20,6,26000
BKG02782,PKG0015,USR0106,2024-03-30,2024-05-14,45,5,37970
BKG02783,PKG0047,USR0288,2024-02-05,2024-06-04,120,2,43820
BKG02784,PKG0015,USR0044,2025-06-02,2025-11-29,180,4,22810
BKG02785,PKG0009,USR0153,2025-07-11,2025-07-21,10,5,73680
BKG02786,PKG0014,USR0088,2024-01-01,2024-03-31,90,4,23950
BKG02787,PKG0008,USR0128,2025-06-15,2025-06-20,5,5,277120
BKG02788,PKG0018,USR0151,2025-03-31,2025-04-15,15,3,49810
BKG02789,PKG0058,USR0072,2024-11-16,2025-02-14,90,8,167880
BKG02790,PKG0014,USR0268,2024-12-26,2024-12-28,2,2,20110
BKG02791,PKG0052,USR0311,2024-08-02,2024-08-22,20,4,37590
BKG02792,PKG0010,USR0353,2024-02-15,2024-04-15,60,2,30700
BKG02793,PKG0037,USR0122,2024-05-25,2024-07-24,60,2,63670
BKG02794,PKG0009,USR0154,2024-08-08,2024-10-07,60,8,97320
BKG02795,PKG0001,USR0069,2024-08-09,2024-08-29,20,2,89060
BKG02796,PKG0040,USR0303,2024-05-11,2024-07-10,60,4,74330
BKG02797,PKG0012,USR0374,2024-03-17,2024-04-06,20,8,339150
BKG02798,PKG0028,USR0282,2025-01-25,2025-02-24,30,10,107130
BKG02799,PKG0043,USR0333,2025-02-13,2025-05-14,90,6,165670
BKG02800,PKG0032,USR0234,2024-09-17,2024-09-22,5,4,108420
BKG02801,PKG0019,USR0347,2024-05-26,2024-06-15,20,3,78840
BKG02802,PKG0014,USR0275,2024-10-02,2024-10-17,15,2,12070
BKG02803,PKG0035,USR0325,2024-07-16,2024-09-14,60,1,4320
BKG02804,PKG0020,USR0366,2025-06-07,2025-08-06,60,6,132370
BKG02805,PKG0054,USR0310,2024-06-06,2024-06-16,10,10,190860
BKG02806,PKG0059,USR0162,2025-03-20,2025-04-19,30,8,185330
BKG02807,PKG0037,USR0195,2025-09-10,2025-12-09,90,3,122600
BKG02808,PKG0035,USR0127,2024-05-07,2024-06-06,30,4,17500
BKG02809,PKG0011,USR0273,2025-07-15,2026-01-11,180,6,258090
BKG02810,PKG0044,USR0209,2024-04-01,2024-05-16,45,5,305690
BKG02811,PKG0033,USR0186,2024-10-06,2024-10-21,15,2,52500
BKG02812,PKG0001,USR0075,2024-08-19,2024-09-08,20,2,97490
BKG02813,PKG0048,USR0141,2025-01-21,2025-03-22,60,2,14190
BKG02814,PKG0027,USR0114,2024-04-17,2024-05-02,15,4,42820
BKG02815,PKG0021,USR0064,2024-11-09,2024-11-19,10,6,144720
BKG02816,PKG0050,USR0302,2025-05-16,2025-06-05,20,3,19220
BKG02817,PKG0015,USR0049,2025-08-08,2025-09-22,45,5,31290
BKG02818,PKG0054,USR0145,2025-09-14,2025-12-13,90,2,44240
BKG02819,PKG0053,USR0051,2024-06-23,2024-08-22,60,3,80350
BKG02820,PKG0051,USR0163,2025-02-02,2025-02-22,20,2,30360
BKG02821,PKG0051,USR0093,2025-06-28,2025-07-18,20,3,47700
BKG02822,PKG0006,USR0283,2025-02-16,2025-04-17,60,4,44370
BKG02823,PKG0019,USR0245,2024-09-22,2024-10-12,20,4,112270
BKG02824,PKG0033,USR0005,2024-06-08,2024-09-06,90,4,73900
BKG02825,PKG0038,USR0337,2025-01-22,2025-02-21,30,4,274310
BKG02826,PKG0043,USR0291,2024-02-24,2024-03-15,20,5,113460
BKG02827,PKG0014,USR0372,2025-01-14,2025-02-28,45,1,5660
BKG02828,PKG0030,USR0363,2025-09-15,2025-09-30,15,4,386270
BKG02829,PKG0049,USR0215,2024-07-06,2024-08-05,30,8,238440
BKG02830,PKG0058,USR0225,2025-04-24,2025-04-26,2,1,40680
BKG02831,PKG0053,USR0258,2025-03-14,2025-03-16,2,2,82290
BKG02832,PKG0013,USR0267,2024-08-22,2024-09-11,20,2,40650
BKG02833,PKG0052,USR0157,2024-03-30,2024-04-09,10,5,65480
BKG02834,PKG0017,USR0157,2024-11-16,2024-11-21,5,6,189600
BKG02835,PKG0025,USR0047,2024-03-19,2024-04-08,20,4,46260
BKG02836,PKG0059,USR0374,2024-04-05,2024-07-04,90,3,53020
BKG02837,PKG0039,USR0085,2024-03-27,2024-04-01,5,4,94130
BKG02838,PKG0051,USR0381,2025-05-19,2025-07-18,60,4,54790
BKG02839,PKG0053,USR0006,2025-03-10,2025-04-24,45,5,163450
BKG02840,PKG0056,USR0347,2024-05-19,2024-08-17,90,5,129810
BKG02841,PKG0042,USR0246,2025-06-29,2025-07-19,20,5,231410
BKG02842,PKG0048,USR0358,2024-01-15,2024-02-04,20,4,30090
BKG02843,PKG0022,USR0316,2024-01-08,2024-01-23,15,2,20730
BKG02844,PKG0030,USR0366,2025-07-01,2025-07-31,30,2,215060
BKG02845,PKG0020,USR0384,2025-06-24,2025-09-22,90,4,91660
BKG02846,PKG0014,USR0351,2025-09-13,2026-01-11,120,2,11280
BKG02847,PKG0044,USR0230,2025-06-20,2025-10-18,120,4,192810
BKG02848,PKG0021,USR0116,2025-01-10,2025-01-20,10,2,45690
BKG02849,PKG0056,USR0069,2024-02-22,2024-03-23,30,4,125350
BKG02850,PKG0031,USR0217,2024-06-23,2024-09-21,90,5,126510
BKG02851,PKG0040,USR0192,2024-12-12,2025-01-01,20,2,47140
BKG02852,PKG0047,USR0348,2025-07-06,2025-07-21,15,1,29350
BKG02853,PKG0027,USR0393,2024-10-24,2024-11-08,15,3,34440
BKG02854,PKG0007,USR0154,2024-09-28,2024-10-28,30,2,16550
BKG02855,PKG0052,USR0110,2025-08-05,2025-08-25,20,10,82610
BKG02856,PKG0013,USR0202,2024-11-08,2025-05-07,180,4,92650
BKG02857,PKG0046,USR0330,2024-02-06,2024-05-06,90,3,96580
BKG02858,PKG0020,USR0238,2025-05-14,2025-05-24,10,3,98080
BKG02859,PKG0056,USR0030,2025-09-22,2025-11-06,45,6,229390
BKG02860,PKG0038,USR0236,2024-12-28,2025-04-27,120,1,79080
BKG02861,PKG0051,USR0055,2024-07-09,2024-08-08,30,2,32200
BKG02862,PKG0056,USR0206,2024-04-13,2024-05-03,20,2,78700
BKG02863,PKG0058,USR0221,2024-03-27,2024-04-26,30,4,106740
BKG02864,PKG0021,USR0271,2024-06-06,2024-09-04,90,2,34280
BKG02865,PKG0053,USR0211,2025-05-14,2025-07-13,60,2,64610
BKG02866,PKG0057,USR0004,2024-09-13,2024-09-15,2,2,33480
BKG02867,PKG0024,USR0116,2025-01-18,2025-03-04,45,6,119310
BKG02868,PKG0052,USR0154,2024-07-05,2024-07-25,20,5,45850
BKG02869,PKG0031,USR0275,2024-04-21,2024-06-05,45,4,116770
BKG02870,PKG0042,USR0225,2025-03-25,2025-04-14,20,1,54630
BKG02871,PKG0026,USR0083,2025-03-20,2025-07-18,120,2,53210
BKG02872,PKG0029,USR0003,2024-07-22,2024-09-05,45,2,44130
BKG02873,PKG0049,USR0057,2024-02-11,2024-03-27,45,10,263680
BKG02874,PKG0022,USR0069,2024-12-05,2025-01-04,30,2,17900
BKG02875,PKG0057,USR0017,2024-07-22,2024-08-06,15,2,34410
BKG02876,PKG0010,USR0246,2024-09-29,2024-10-09,10,4,63220
BKG02877,PKG0021,USR0061,2025-07-17,2025-08-31,45,3,54190
BKG02878,PKG0030,USR0254,2024-05-10,2024-06-09,30,2,189360
BKG02879,PKG0001,USR0167,2025-02-13,2025-02-23,10,4,207930
BKG02880,PKG0015,USR0257,2025-02-02,2025-04-03,60,4,26560
BKG02881,PKG0031,USR0068,2024-04-20,2024-06-04,45,5,141860
BKG02882,PKG0017,USR0011,2024-12-18,2024-12-28,10,4,108980
BKG02883,PKG0056,USR0257,2024-08-30,2024-10-14,45,2,69110
BKG02884,PKG0057,USR0027,2024-12-16,2025-02-14,60,6,69200
BKG02885,PKG0018,USR0220,2024-01-09,2024-01-14,5,1,22620
BKG02886,PKG0059,USR0223,2024-10-15,2025-01-13,90,2,52440
BKG02887,PKG0044,USR0249,2025-03-15,2025-03-20,5,2,144380
BKG02888,PKG0043,USR0127,2025-06-07,2025-06-27,20,2,55680
BKG02889,PKG0057,USR0096,2024-04-27,2024-07-26,90,2,27630
BKG02890,PKG0029,USR0135,2024-09-10,2024-10-25,45,6,109330
BKG02891,PKG0026,USR0342,2024-07-22,2024-11-19,120,2,62370
BKG02892,PKG0055,USR0243,2024-04-15,2024-05-15,30,4,67860
BKG02893,PKG0043,USR0359,2025-09-17,2025-10-07,20,2,56380
BKG02894,PKG0030,USR0093,2025-08-28,2025-09-27,30,6,592510
BKG02895,PKG0055,USR0323,2024-08-22,2024-08-24,2,8,131670
BKG02896,PKG0055,USR0062,2024-02-09,2024-02-24,15,2,35220
BKG02897,PKG0020,USR0141,2024-05-29,2024-06-18,20,2,52300
BKG02898,PKG0001,USR0219,2024-07-23,2025-01-19,180,5,236710
BKG02899,PKG0033,USR0047,2025-01-24,2025-02-08,15,1,31880
BKG02900,PKG0045,USR0209,2024-08-24,2024-09-03,10,2,71610
BKG02901,PKG0052,USR0114,2025-05-05,2025-05-10,5,3,49430
BKG02902,PKG0052,USR0032,2024-02-22,2024-03-08,15,2,21450
BKG02903,PKG0048,USR0156,2025-01-07,2025-02-06,30,2,16010
BKG02904,PKG0037,USR0144,2025-03-04,2025-03-14,10,4,156840
BKG02905,PKG0026,USR0127,2024-02-18,2024-03-09,20,4,107420
BKG02906,PKG0058,USR0094,2024-02-23,2024-03-14,20,3,70500
BKG02907,PKG0016,USR0339,2024-08-05,2024-08-25,20,1,31030
BKG02908,PKG0054,USR0147,2025-09-13,2025-09-28,15,2,50130
BKG02909,PKG0053,USR0052,2024-09-15,2024-09-17,2,2,82480
BKG02910,PKG0023,USR0252,2024-11-07,2024-11-27,20,2,143110
BKG02911,PKG0013,USR0058,2024-01-14,2024-01-29,15,4,126390
BKG02912,PKG0019,USR0350,2024-05-13,2024-05-28,15,3,117910
BKG02913,PKG0022,USR0170,2025-01-05,2025-03-06,60,4,26450
BKG02914,PKG0004,USR0381,2025-06-25,2025-08-09,45,10,73560
BKG02915,PKG0007,USR0310,2024-10-09,2024-11-23,45,4,36650
BKG02916,PKG0024,USR0108,2024-03-30,2024-07-28,120,5,74210
BKG02917,PKG0054,USR0055,2025-09-08,2025-09-28,20,2,41890
BKG02918,PKG0014,USR0062,2024-07-14,2024-07-16,2,10,74540
BKG02919,PKG0016,USR0099,2024-04-11,2024-06-10,60,2,60610
BKG02920,PKG0051,USR0039,2025-09-25,2025-10-15,20,1,15330
BKG02921,PKG0045,USR0176,2025-04-30,2025-05-20,20,1,37000
BKG02922,PKG0028,USR0390,2024-06-06,2024-06-21,15,2,30250
BKG02923,PKG0055,USR0023,2025-03-04,2025-03-24,20,2,29960
BKG02924,PKG0033,USR0282,2025-07-27,2025-08-11,15,4,116270
BKG02925,PKG0030,USR0178,2025-04-04,2025-05-04,30,2,200600
BKG02926,PKG0032,USR0323,2025-03-22,2025-04-06,15,4,127730
BKG02927,PKG0058,USR0035,2025-06-20,2025-08-04,45,2,50250
BKG02928,PKG0016,USR0258,2024-06-19,2024-09-17,90,2,61820
BKG02929,PKG0037,USR0307,2024-05-12,2024-05-22,10,1,52020
BKG02930,PKG0006,USR0149,2025-08-02,2025-09-01,30,10,90880
BKG02931,PKG0030,USR0032,2024-07-13,2025-01-09,180,3,292970
BKG02932,PKG0042,USR0380,2025-05-21,2025-06-20,30,1,49480
BKG02933,PKG0014,USR0351,2025-06-09,2025-12-06,180,4,23530
BKG02934,PKG0027,USR0039,2025-06-05,2025-06-10,5,3,32540
BKG02935,PKG0014,USR0197,2025-02-03,2025-03-20,45,3,16440
BKG02936,PKG0059,USR0206,2024-07-30,2024-08-01,2,2,61930
BKG02937,PKG0051,USR0095,2025-08-08,2025-08-10,2,4,79190
BKG02938,PKG0015,USR0112,2024-01-10,2024-01-12,2,2,18790
BKG02939,PKG0020,USR0263,2025-06-21,2025-07-06,15,8,193010
BKG02940,PKG0036,USR0133,2024-08-13,2024-12-11,120,1,6290
BKG02941,PKG0024,USR0152,2025-07-19,2025-09-17,60,4,65460
BKG02942,PKG0053,USR0061,2024-02-16,2024-04-01,45,4,152240
BKG02943,PKG0003,USR0274,2024-02-10,2024-05-10,90,2,257340
BKG02944,PKG0019,USR0328,2024-10-11,2024-11-10,30,4,143630
BKG02945,PKG0045,USR0069,2024-02-22,2024-03-08,15,3,104390
BKG02946,PKG0014,USR0329,2024-08-03,2024-10-02,60,2,11410
BKG02947,PKG0042,USR0274,2024-12-21,2025-04-20,120,2,85700
BKG02948,PKG0043,USR0324,2025-01-12,2025-01-27,15,6,236180
BKG02949,PKG0041,USR0167,2025-07-16,2025-10-14,90,1,8480
BKG02950,PKG0029,USR0136,2025-02-22,2025-03-24,30,2,46570
BKG02951,PKG0042,USR0314,2024-02-28,2024-03-29,30,3,136850
BKG02952,PKG0006,USR0321,2024-12-30,2025-04-29,120,10,98100
BKG02953,PKG0029,USR0113,2024-10-13,2024-10-18,5,4,105500
BKG02954,PKG0020,USR0091,2024-01-17,2024-01-22,5,2,82500
BKG02955,PKG0017,USR0276,2025-08-20,2025-09-09,20,2,45020
BKG02956,PKG0028,USR0055,2025-01-26,2025-02-05,10,5,71160
BKG02957,PKG0026,USR0335,2025-09-10,2025-09-20,10,2,67410
BKG02958,PKG0008,USR0283,2025-03-28,2025-05-27,60,4,166220
BKG02959,PKG0019,USR0113,2024-07-27,2024-08-11,15,2,76380
BKG02960,PKG0054,USR0298,2025-02-08,2025-02-28,20,2,39480
BKG02961,PKG0004,USR0080,2025-03-20,2025-05-19,60,2,18820
BKG02962,PKG0049,USR0189,2025-05-05,2025-05-20,15,2,90630
BKG02963,PKG0052,USR0048,2025-04-15,2025-05-05,20,2,23780
BKG02964,PKG0043,USR0095,2024-06-29,2024-08-28,60,5,108850
BKG02965,PKG0030,USR0097,2024-07-03,2024-07-23,20,2,182790
BKG02966,PKG0010,USR0332,2024-11-13,2024-11-23,10,4,73960
BKG02967,PKG0006,USR0084,2025-02-07,2025-02-17,10,2,23710
BKG02968,PKG0037,USR0352,2024-03-12,2024-06-10,90,3,90730
BKG02969,PKG0031,USR0074,2024-09-08,2024-10-23,45,2,58400
BKG02970,PKG0004,USR0233,2025-02-16,2025-02-26,10,4,38970
BKG02971,PKG0009,USR0052,2024-05-20,2024-09-17,120,8,80200
BKG02972,PKG0050,USR0373,2024-01-13,2024-02-27,45,2,12310
BKG02973,PKG0006,USR0309,2025-01-28,2025-02-12,15,4,49940
BKG02974,PKG0022,USR0011,2024-01-14,2024-03-14,60,1,7690
BKG02975,PKG0022,USR0391,2024-02-14,2024-02-16,2,1,11540
BKG02976,PKG0048,USR0068,2024-03-26,2024-04-25,30,2,19830
BKG02977,PKG0045,USR0138,2025-09-06,2025-09-08,2,4,169940
BKG02978,PKG0056,USR0007,2024-01-10,2024-01-25,15,2,95600
BKG02979,PKG0056,USR0055,2024-12-12,2025-01-11,30,8,313110
BKG02980,PKG0046,USR0363,2024-05-22,2024-06-01,10,2,64320
BKG02981,PKG0004,USR0246,2025-03-30,2025-09-26,180,3,20830
BKG02982,PKG0019,USR0084,2025-05-05,2025-05-20,15,8,319140
BKG02983,PKG0045,USR0080,2025-07-10,2025-11-07,120,5,170570
BKG02984,PKG0041,USR0355,2025-07-10,2025-09-08,60,2,17590
BKG02985,PKG0058,USR0064,2024-02-15,2024-03-06,20,1,25240
BKG02986,PKG0039,USR0053,2024-04-15,2024-06-14,60,2,31290
BKG02987,PKG0040,USR0262,2025-03-01,2025-03-06,5,2,52940
BKG02988,PKG0046,USR0073,2024-08-17,2024-08-22,5,6,214110
BKG02989,PKG0039,USR0013,2025-01-29,2025-02-28,30,2,35480
BKG02990,PKG0008,USR0076,2024-10-20,2025-02-17,120,2,57640
BKG02991,PKG0003,USR0116,2025-01-28,2025-02-12,15,1,139900
BKG02992,PKG0043,USR0352,2024-04-25,2024-05-15,20,2,64260
BKG02993,PKG0035,USR0252,2024-04-22,2024-05-22,30,3,17480
BKG02994,PKG0036,USR0115,2024-10-15,2025-02-12,120,6,28130
BKG02995,PKG0031,USR0183,2024-12-07,2024-12-27,20,3,104660
BKG02996,PKG0034,USR0061,2024-03-27,2024-04-11,15,5,277980
BKG02997,PKG0042,USR0023,2024-07-01,2024-08-15,45,3,139830
BKG02998,PKG0028,USR0220,2025-09-06,2025-09-26,20,6,65150
BKG02999,PKG0008,USR0093,2024-06-02,2024-06-04,2,2,104040
BKG03000,PKG0036,USR0342,2025-10-01,2026-03-30,180,2,12120
BKG03001,PKG0035,USR0147,2024-04-16,2024-05-01,15,4,22820
BKG03002,PKG0016,USR0139,2025-01-12,2025-04-12,90,2,70470
BKG03003,PKG0014,USR0136,2024-03-19,2024-03-29,10,3,19450
BKG03004,PKG0051,USR0002,2024-06-01,2024-08-30,90,2,28670
BKG03005,PKG0024,USR0399,2024-11-23,2025-03-23,120,6,78040
BKG03006,PKG0056,USR0076,2025-05-04,2025-09-01,120,1,30050
BKG03007,PKG0056,USR0035,2025-03-13,2025-06-11,90,6,167170
BKG03008,PKG0022,USR0373,2024-04-02,2024-04-17,15,2,18830
BKG03009,PKG0011,USR0166,2024-07-05,2024-11-02,120,2,96150
BKG03010,PKG0041,USR0393,2024-11-22,2024-12-02,10,2,24550
BKG03011,PKG0032,USR0254,2025-02-27,2025-03-29,30,2,47680
BKG03012,PKG0038,USR0309,2024-12-07,2025-02-05,60,4,267360
BKG03013,PKG0002,USR0071,2024-09-08,2025-03-07,180,1,6610
BKG03014,PKG0025,USR0197,2025-05-24,2025-07-23,60,2,18060
BKG03015,PKG0037,USR0276,2025-06-29,2025-08-28,60,3,100660
BKG03016,PKG0024,USR0275,2025-01-28,2025-02-02,5,2,44520
BKG03017,PKG0037,USR0043,2025-03-07,2025-05-06,60,3,123960
BKG03018,PKG0059,USR0270,2024-08-12,2025-02-08,180,4,65200
BKG03019,PKG0011,USR0360,2025-01-05,2025-05-05,120,2,81750
BKG03020,PKG0056,USR0002,2024-01-18,2024-02-02,15,5,196890
BKG03021,PKG0010,USR0186,2024-05-16,2024-06-05,20,2,28290
BKG03022,PKG0003,USR0057,2024-12-23,2025-01-02,10,8,1244520
BKG03023,PKG0029,USR0185,2024-05-22,2024-08-20,90,4,81310
BKG03024,PKG0031,USR0151,2025-07-18,2025-09-01,45,2,60560
BKG03025,PKG0019,USR0216,2024-08-17,2024-10-01,45,4,133200
BKG03026,PKG0037,USR0029,2024-04-30,2024-05-20,20,6,252890
BKG03027,PKG0017,USR0357,2025-01-21,2025-01-31,10,2,62620
BKG03028,PKG0023,USR0376,2025-03-10,2025-04-09,30,6,408400
BKG03029,PKG0024,USR0191,2024-04-18,2024-05-18,30,4,88980
BKG03030,PKG0054,USR0340,2025-05-03,2025-07-02,60,6,103860
BKG03031,PKG0016,USR0305,2024-01-31,2024-02-20,20,6,181220
BKG03032,PKG0018,USR0076,2024-03-21,2024-04-20,30,2,29510
BKG03033,PKG0057,USR0126,2025-08-05,2025-08-10,5,3,52510
BKG03034,PKG0012,USR0214,2024-07-05,2024-10-03,90,2,95280
BKG03035,PKG0001,USR0241,2025-06-24,2025-07-04,10,3,170870
BKG03036,PKG0028,USR0358,2025-04-26,2025-08-24,120,4,42230
BKG03037,PKG0035,USR0211,2025-03-30,2025-04-09,10,2,13170
BKG03038,PKG0034,USR0331,2024-10-20,2024-10-25,5,3,152170
BKG03039,PKG0047,USR0057,2024-02-02,2024-03-03,30,6,150110
BKG03040,PKG0013,USR0310,2025-05-30,2025-08-28,90,4,70070
BKG03041,PKG0039,USR0083,2025-03-09,2025-05-08,60,4,73430
BKG03042,PKG0058,USR0349,2025-04-10,2025-06-09,60,5,104160
BKG03043,PKG0058,USR0284,2024-09-21,2024-10-21,30,2,49030
BKG03044,PKG0025,USR0293,2024-08-20,2024-09-09,20,2,22410
BKG03045,PKG0035,USR0217,2024-10-05,2024-11-19,45,2,11070
BKG03046,PKG0040,USR0048,2024-05-08,2024-05-28,20,10,188460
BKG03047,PKG0011,USR0381,2025-09-25,2025-10-15,20,5,183860
BKG03048,PKG0047,USR0029,2024-07-07,2024-10-05,90,5,117830
BKG03049,PKG0037,USR0382,2025-09-11,2025-10-01,20,6,201030
BKG03050,PKG0038,USR0040,2025-04-24,2025-05-14,20,2,167450
BKG03051,PKG0028,USR0245,2025-02-18,2025-04-04,45,3,45470
BKG03052,PKG0012,USR0195,2025-01-15,2025-01-20,5,4,282140
BKG03053,PKG0001,USR0332,2024-10-03,2024-11-17,45,10,492030
BKG03054,PKG0019,USR0056,2025-01-06,2025-01-16,10,10,401930
BKG03055,PKG0052,USR0309,2024-12-09,2025-01-23,45,1,13310
BKG03056,PKG0048,USR0015,2024-06-15,2024-06-25,10,2,20030
BKG03057,PKG0057,USR0278,2024-08-04,2024-08-09,5,4,75500
BKG03058,PKG0036,USR0306,2024-11-12,2024-12-27,45,1,7290
BKG03059,PKG0015,USR0097,2024-02-03,2024-02-23,20,2,13960
BKG03060,PKG0060,USR0124,2025-08-06,2025-08-26,20,6,32370
BKG03061,PKG0039,USR0290,2025-05-10,2025-05-12,2,4,87760
BKG03062,PKG0012,USR0024,2024-04-05,2024-10-02,180,2,89000
BKG03063,PKG0006,USR0159,2024-12-31,2025-03-31,90,6,51260
BKG03064,PKG0020,USR0385,2025-02-11,2025-04-12,60,5,125610
BKG03065,PKG0058,USR0257,2025-02-04,2025-02-06,2,4,138520
BKG03066,PKG0008,USR0372,2024-05-12,2024-05-27,15,4,208110
BKG03067,PKG0041,USR0360,2024-12-05,2024-12-20,15,4,48460
BKG03068,PKG0025,USR0209,2025-05-30,2025-07-14,45,1,9510
BKG03069,PKG0048,USR0052,2024-06-02,2024-06-22,20,2,15810
BKG03070,PKG0019,USR0013,2025-01-26,2025-02-25,30,2,59310
BKG03071,PKG0054,USR0245,2024-02-08,2024-05-08,90,6,129080
BKG03072,PKG0039,USR0149,2025-04-19,2025-04-24,5,4,108120
BKG03073,PKG0028,USR0041,2024-04-05,2024-07-04,90,2,21600
BKG03074,PKG0010,USR0368,2024-08-08,2024-09-22,45,1,13840
BKG03075,PKG0001,USR0349,2024-06-13,2024-07-28,45,3,129050
BKG03076,PKG0043,USR0257,2025-09-15,2025-10-05,20,2,61560
BKG03077,PKG0008,USR0334,2024-12-15,2025-01-04,20,2,91980
BKG03078,PKG0020,USR0230,2024-12-13,2025-02-11,60,2,47810
BKG03079,PKG0040,USR0149,2025-03-17,2025-05-01,45,4,95310
BKG03080,PKG0040,USR0021,2025-01-31,2025-02-05,5,6,143360
BKG03081,PKG0043,USR0123,2025-09-17,2025-12-16,90,4,110090
BKG03082,PKG0055,USR0311,2024-06-05,2024-06-20,15,5,82370
BKG03083,PKG0010,USR0291,2025-05-24,2025-09-21,120,1,14120
BKG03084,PKG0024,USR0050,2024-05-26,2024-06-15,20,2,39240
BKG03085,PKG0057,USR0393,2025-07-14,2025-08-28,45,6,86880
BKG03086,PKG0057,USR0045,2025-04-10,2025-05-25,45,5,66980
BKG03087,PKG0049,USR0161,2024-10-29,2024-11-18,20,5,188450
BKG03088,PKG0029,USR0083,2025-08-13,2025-08-28,15,1,24470
BKG03089,PKG0009,USR0187,2024-03-13,2024-04-12,30,8,116270
BKG03090,PKG0001,USR0092,2025-04-16,2025-08-14,120,6,225790
BKG03091,PKG0037,USR0133,2024-09-19,2024-09-29,10,2,81340
BKG03092,PKG0009,USR0391,2024-05-23,2024-06-22,30,5,64400
BKG03093,PKG0016,USR0064,2025-05-14,2025-05-19,5,2,115820
BKG03094,PKG0052,USR0021,2024-10-20,2024-10-30,10,1,13110
BKG03095,PKG0034,USR0206,2025-09-26,2025-12-25,90,2,86630
BKG03096,PKG0038,USR0349,2025-01-10,2025-01-12,2,2,246610
BKG03097,PKG0044,USR0263,2024-11-17,2025-01-16,60,4,244190
BKG03098,PKG0060,USR0192,2025-02-27,2025-03-14,15,2,14210
BKG03099,PKG0041,USR0260,2024-02-13,2024-03-04,20,2,15820
BKG03100,PKG0032,USR0318,2024-02-28,2024-04-13,45,8,194420
BKG03101,PKG0033,USR0380,2025-07-28,2025-09-11,45,1,25000
BKG03102,PKG0013,USR0005,2024-04-17,2024-05-17,30,2,53470
BKG03103,PKG0030,USR0149,2025-08-06,2025-08-16,10,6,649330
BKG03104,PKG0005,USR0205,2024-08-16,2024-11-14,90,10,202710
BKG03105,PKG0048,USR0199,2024-04-05,2024-04-10,5,3,39710
BKG03106,PKG0017,USR0179,2025-07-01,2025-07-21,20,8,156250
BKG03107,PKG0032,USR0239,2024-07-03,2024-08-02,30,1,25280
BKG03108,PKG0008,USR0375,2025-02-10,2025-03-12,30,4,130240
BKG03109,PKG0001,USR0394,2025-02-15,2025-03-02,15,1,60590
BKG03110,PKG0041,USR0169,2024-12-16,2025-01-15,30,2,20210
BKG03111,PKG0005,USR0310,2025-05-02,2025-08-30,120,2,39120
BKG03112,PKG0048,USR0059,2024-02-09,2024-02-11,2,4,36390
BKG03113,PKG0020,USR0280,2025-04-26,2025-06-25,60,4,88360
BKG03114,PKG0018,USR0075,2024-11-23,2024-11-25,2,2,46630
BKG03115,PKG0001,USR0291,2025-09-07,2025-09-22,15,1,52130
BKG03116,PKG0051,USR0397,2025-01-05,2025-02-04,30,1,16330
BKG03117,PKG0036,USR0221,2024-08-06,2024-11-04,90,1,7560
BKG03118,PKG0056,USR0028,2024-01-24,2024-03-24,60,4,107550
BKG03119,PKG0008,USR0389,2024-10-03,2024-10-05,2,2,116340
BKG03120,PKG0030,USR0130,2024-03-26,2024-04-05,10,6,712430
BKG03121,PKG0046,USR0073,2025-02-18,2025-06-18,120,8,170500
BKG03122,PKG0033,USR0042,2025-04-07,2025-04-17,10,3,105160
BKG03123,PKG0044,USR0215,2024-09-22,2024-10-07,15,2,131990
BKG03124,PKG0043,USR0095,2024-04-04,2024-06-03,60,2,48770
BKG03125,PKG0001,USR0220,2024-10-31,2024-11-05,5,4,279530
BKG03126,PKG0038,USR0085,2025-03-05,2025-07-03,120,4,256850
BKG03127,PKG0025,USR0247,2024-06-13,2024-06-15,2,8,95010
BKG03128,PKG0011,USR0357,2025-08-07,2025-09-06,30,6,232410
BKG03129,PKG0056,USR0200,2025-07-28,2025-09-26,60,6,180030
BKG03130,PKG0021,USR0306,2025-08-15,2025-09-29,45,6,106960
BKG03131,PKG0048,USR0316,2024-11-20,2025-01-19,60,4,37040
BKG03132,PKG0039,USR0008,2025-04-14,2025-06-13,60,3,43510
BKG03133,PKG0053,USR0076,2024-11-20,2024-12-05,15,1,41120
BKG03134,PKG0007,USR0059,2025-02-20,2025-04-06,45,4,38720
BKG03135,PKG0059,USR0135,2024-01-04,2024-01-14,10,4,109730
BKG03136,PKG0046,USR0231,2024-05-08,2024-07-07,60,2,47840
BKG03137,PKG0038,USR0325,2025-08-15,2025-10-14,60,3,226440
BKG03138,PKG0041,USR0050,2024-07-11,2024-07-31,20,2,20550
BKG03139,PKG0059,USR0216,2024-06-19,2024-06-29,10,6,136900
BKG03140,PKG0007,USR0308,2024-12-22,2025-01-21,30,5,40010
BKG03141,PKG0020,USR0108,2025-08-13,2025-12-11,120,1,22980
BKG03142,PKG0054,USR0008,2025-01-07,2025-01-17,10,4,96970
BKG03143,PKG0036,USR0009,2024-11-10,2024-12-25,45,2,14590
BKG03144,PKG0021,USR0258,2024-05-07,2024-08-05,90,2,34580
BKG03145,PKG0022,USR0359,2025-04-11,2025-05-01,20,4,35620
BKG03146,PKG0018,USR0212,2024-12-26,2025-01-10,15,3,56180
BKG03147,PKG0044,USR0278,2024-12-09,2024-12-24,15,5,368350
BKG03148,PKG0031,USR0059,2025-04-14,2025-05-04,20,4,128700
BKG03149,PKG0037,USR0220,2025-07-20,2025-10-18,90,2,60640
BKG03150,PKG0038,USR0305,2025-03-22,2025-04-11,20,4,366030
BKG03151,PKG0020,USR0196,2025-03-23,2025-06-21,90,3,68110
BKG03152,PKG0046,USR0325,2025-09-27,2025-10-12,15,4,125470
BKG03153,PKG0017,USR0051,2024-04-16,2024-05-16,30,2,53170
BKG03154,PKG0031,USR0046,2025-09-23,2025-11-22,60,1,35310
BKG03155,PKG0053,USR0211,2025-09-30,2025-10-20,20,2,61320
BKG03156,PKG0023,USR0279,2025-03-30,2025-04-04,5,3,322090
BKG03157,PKG0005,USR0258,2024-02-03,2024-02-23,20,4,71200
BKG03158,PKG0001,USR0342,2025-03-06,2025-04-20,45,2,104540
BKG03159,PKG0020,USR0109,2025-04-10,2025-06-09,60,2,48500
BKG03160,PKG0002,USR0283,2024-07-19,2024-07-29,10,2,18980
BKG03161,PKG0040,USR0241,2024-12-25,2024-12-27,2,2,60140
BKG03162,PKG0040,USR0238,2025-02-09,2025-02-19,10,4,80230
BKG03163,PKG0051,USR0004,2024-08-17,2024-11-15,90,5,80480
BKG03164,PKG0058,USR0260,2024-09-27,2024-11-26,60,4,115580
BKG03165,PKG0042,USR0158,2025-02-28,2025-03-10,10,10,527550
BKG03166,PKG0030,USR0345,2025-02-28,2025-03-10,10,5,518490
BKG03167,PKG0013,USR0017,2024-06-06,2024-07-21,45,5,111930
BKG03168,PKG0030,USR0192,2025-06-15,2025-07-15,30,10,839880
BKG03169,PKG0009,USR0380,2024-12-09,2025-04-08,120,4,56720
BKG03170,PKG0043,USR0088,2025-03-16,2025-04-05,20,2,62890
BKG03171,PKG0060,USR0124,2025-02-04,2025-02-19,15,5,28770
BKG03172,PKG0002,USR0099,2025-02-06,2025-03-23,45,4,32340
BKG03173,PKG0057,USR0027,2025-08-14,2025-10-13,60,2,24230
BKG03174,PKG0013,USR0220,2025-02-03,2025-02-18,15,1,25310
BKG03175,PKG0003,USR0373,2024-11-21,2025-01-20,60,3,392960
BKG03176,PKG0031,USR0265,2024-08-24,2024-08-29,5,10,361730
BKG03177,PKG0010,USR0051,2024-05-09,2024-05-29,20,2,36230
BKG03178,PKG0031,USR0259,2025-08-13,2025-09-27,45,4,117970
BKG03179,PKG0048,USR0201,2024-09-23,2025-01-21,120,6,47010
BKG03180,PKG0041,USR0284,2024-11-26,2025-02-24,90,2,15340
BKG03181,PKG0012,USR0105,2024-01-27,2024-02-16,20,2,88130
BKG03182,PKG0059,USR0224,2025-08-30,2025-09-19,20,4,91300
BKG03183,PKG0024,USR0079,2025-07-10,2025-08-09,30,4,80050
BKG03184,PKG0045,USR0041,2024-01-26,2024-02-05,10,2,78830
BKG03185,PKG0024,USR0381,2025-04-09,2025-10-06,180,2,29350
BKG03186,PKG0028,USR0325,2025-01-01,2025-01-11,10,3,54910
BKG03187,PKG0051,USR0096,2024-08-15,2024-12-13,120,1,15930
BKG03188,PKG0045,USR0153,2024-09-08,2024-09-13,5,2,73810
BKG03189,PKG0019,USR0372,2025-01-22,2025-03-08,45,6,169460
BKG03190,PKG0047,USR0395,2024-02-22,2024-03-23,30,3,82860
BKG03191,PKG0041,USR0141,2024-05-27,2024-08-25,90,2,16060
BKG03192,PKG0011,USR0322,2025-08-16,2025-11-14,90,4,195710
BKG03193,PKG0014,USR0053,2025-09-02,2025-12-01,90,5,30030
BKG03194,PKG0056,USR0063,2024-10-16,2024-11-05,20,5,191060
BKG03195,PKG0030,USR0135,2024-04-05,2024-04-07,2,2,277890
BKG03196,PKG0015,USR0040,2025-01-05,2025-02-04,30,1,6860
BKG03197,PKG0031,USR0107,2025-05-17,2025-06-16,30,2,62300
BKG03198,PKG0018,USR0012,2025-05-13,2025-06-12,30,6,83910
BKG03199,PKG0059,USR0321,2025-03-05,2025-03-10,5,2,59880
BKG03200,PKG0022,USR0193,2025-04-06,2025-04-16,10,3,29740
BKG03201,PKG0026,USR0083,2024-01-11,2024-05-10,120,6,183280
BKG03202,PKG0052,USR0092,2025-09-13,2025-09-18,5,2,25880
BKG03203,PKG0050,USR0017,2024-12-17,2025-03-17,90,10,47280
BKG03204,PKG0037,USR0178,2025-09-20,2025-10-20,30,4,116080
BKG03205,PKG0059,USR0308,2024-06-11,2024-12-08,180,4,91990
BKG03206,PKG0007,USR0268,2024-05-04,2024-06-18,45,5,40090
BKG03207,PKG0056,USR0099,2025-07-02,2025-08-01,30,4,127700
BKG03208,PKG0010,USR0012,2024-06-05,2024-06-07,2,2,41270
BKG03209,PKG0014,USR0111,2024-04-27,2024-04-29,2,2,19290
BKG03210,PKG0004,USR0112,2024-05-21,2024-06-10,20,6,46620
BKG03211,PKG0007,USR0113,2024-05-09,2024-07-08,60,2,14840
BKG03212,PKG0056,USR0138,2024-07-23,2024-08-07,15,1,42520
BKG03213,PKG0036,USR0048,2025-07-18,2025-08-02,15,1,7350
BKG03214,PKG0038,USR0334,2025-05-22,2025-08-20,90,6,385060
BKG03215,PKG0025,USR0224,2025-02-13,2025-02-23,10,4,53720
BKG03216,PKG0048,USR0099,2024-07-21,2024-08-05,15,1,9020
BKG03217,PKG0047,USR0352,2024-10-14,2024-10-29,15,3,89450
BKG03218,PKG0026,USR0202,2025-08-24,2025-09-13,20,2,61290
BKG03219,PKG0048,USR0160,2024-07-29,2025-01-25,180,6,46990
BKG03220,PKG0039,USR0370,2025-04-01,2025-05-16,45,4,79920
BKG03221,PKG0044,USR0217,2024-10-05,2024-12-04,60,2,121850
BKG03222,PKG0024,USR0164,2025-09-13,2025-11-12,60,4,73860
BKG03223,PKG0059,USR0197,2025-08-03,2025-08-08,5,1,32970
BKG03224,PKG0053,USR0181,2024-03-06,2024-07-04,120,5,124010
BKG03225,PKG0052,USR0231,2024-02-04,2024-02-24,20,3,28940
BKG03226,PKG0008,USR0262,2025-02-23,2025-04-09,45,5,216380
BKG03227,PKG0024,USR0151,2025-06-27,2025-08-26,60,2,33180
BKG03228,PKG0001,USR0181,2024-04-27,2024-06-11,45,5,204280
BKG03229,PKG0048,USR0093,2025-03-15,2025-04-04,20,2,17650
BKG03230,PKG0026,USR0096,2024-03-15,2024-07-13,120,1,25680
BKG03231,PKG0008,USR0111,2025-01-15,2025-01-30,15,3,162160
BKG03232,PKG0041,USR0075,2024-05-05,2024-07-04,60,1,7940
BKG03233,PKG0005,USR0005,2024-01-12,2024-07-10,180,4,71900
BKG03234,PKG0005,USR0368,2025-04-21,2025-04-26,5,1,35240
BKG03235,PKG0057,USR0291,2024-08-26,2024-10-10,45,4,53240
BKG03236,PKG0045,USR0288,2024-10-17,2024-11-01,15,6,252040
BKG03237,PKG0006,USR0309,2024-08-10,2024-08-30,20,3,30940
BKG03238,PKG0020,USR0053,2025-09-14,2025-11-13,60,2,51760
BKG03239,PKG0029,USR0344,2025-03-07,2025-07-05,120,2,42870
BKG03240,PKG0022,USR0350,2024-11-21,2024-12-01,10,4,39140
BKG03241,PKG0036,USR0164,2024-02-20,2024-04-05,45,2,14630
BKG03242,PKG0025,USR0253,2024-10-08,2025-04-06,180,5,48080
BKG03243,PKG0053,USR0216,2025-04-08,2025-04-28,20,3,116660
BKG03244,PKG0007,USR0088,2025-08-28,2025-09-17,20,4,29030
BKG03245,PKG0056,USR0197,2024-01-22,2024-03-07,45,5,165580
BKG03246,PKG0058,USR0146,2025-08-12,2025-08-22,10,4,100000
BKG03247,PKG0038,USR0003,2024-10-18,2024-11-07,20,1,98150
BKG03248,PKG0057,USR0068,2025-02-16,2025-02-26,10,5,77540
BKG03249,PKG0043,USR0019,2025-06-24,2025-06-29,5,4,143120
BKG03250,PKG0057,USR0021,2024-01-17,2024-02-01,15,1,17060
BKG03251,PKG0028,USR0036,2025-03-01,2025-04-30,60,2,27260
BKG03252,PKG0001,USR0371,2024-11-20,2024-11-30,10,6,339340
BKG03253,PKG0014,USR0386,2024-03-22,2024-05-06,45,10,63620
BKG03254,PKG0053,USR0285,2025-05-20,2025-08-18,90,3,80260
BKG03255,PKG0014,USR0314,2024-11-01,2024-11-11,10,1,8510
BKG03256,PKG0002,USR0357,2025-05-20,2025-06-19,30,5,42180
BKG03257,PKG0015,USR0329,2024-05-04,2024-05-09,5,2,22140
BKG03258,PKG0029,USR0192,2024-04-15,2024-06-14,60,2,40770
BKG03259,PKG0048,USR0015,2024-01-11,2024-01-31,20,5,48340
BKG03260,PKG0016,USR0072,2024-11-26,2025-01-10,45,2,72890
BKG03261,PKG0035,USR0353,2024-08-19,2024-09-03,15,4,18610
BKG03262,PKG0004,USR0088,2025-01-12,2025-05-12,120,2,17770
BKG03263,PKG0032,USR0276,2024-02-23,2024-03-24,30,2,44990
BKG03264,PKG0051,USR0133,2024-02-14,2024-02-24,10,4,63190
BKG03265,PKG0042,USR0057,2024-11-07,2024-12-07,30,1,59430
BKG03266,PKG0050,USR0039,2025-09-19,2025-11-03,45,2,14730
BKG03267,PKG0039,USR0195,2024-06-23,2024-07-13,20,2,34050
BKG03268,PKG0017,USR0071,2024-05-02,2024-06-16,45,5,97880
BKG03269,PKG0022,USR0065,2024-05-31,2024-06-30,30,4,30400
BKG03270,PKG0023,USR0386,2025-02-27,2025-03-09,10,2,150150
BKG03271,PKG0060,USR0327,2024-05-05,2024-05-25,20,2,11240
BKG03272,PKG0027,USR0268,2025-08-14,2025-10-13,60,2,16580
BKG03273,PKG0019,USR0245,2024-10-14,2024-10-24,10,2,69170
BKG03274,PKG0007,USR0165,2025-05-09,2025-05-24,15,6,60410
BKG03275,PKG0036,USR0116,2024-10-30,2025-01-28,90,4,26700
BKG03276,PKG0058,USR0365,2025-07-25,2025-08-09,15,6,137400
BKG03277,PKG0016,USR0125,2024-07-29,2024-08-28,30,2,65740
BKG03278,PKG0034,USR0356,2025-05-21,2025-08-19,90,6,189010
BKG03279,PKG0017,USR0031,2024-08-09,2024-10-08,60,3,53030
BKG03280,PKG0051,USR0240,2024-07-11,2024-08-25,45,3,47760
BKG03281,PKG0043,USR0250,2024-08-01,2024-08-06,5,4,148150
BKG03282,PKG0015,USR0303,2025-06-10,2025-12-07,180,4,24410
BKG03283,PKG0020,USR0161,2024-11-15,2024-12-15,30,2,61600
BKG03284,PKG0047,USR0363,2024-06-06,2024-06-16,10,6,179510
BKG03285,PKG0031,USR0259,2024-05-13,2024-08-11,90,6,154580
BKG03286,PKG0054,USR0113,2025-01-29,2025-02-08,10,2,48140
BKG03287,PKG0025,USR0232,2025-06-09,2025-07-24,45,3,31410
BKG03288,PKG0001,USR0104,2024-07-11,2024-08-10,30,2,88050
BKG03289,PKG0039,USR0036,2024-06-17,2024-10-15,120,6,78810
BKG03290,PKG0021,USR0352,2025-08-14,2025-11-12,90,2,38520
BKG03291,PKG0005,USR0332,2025-04-17,2025-05-07,20,2,52110
BKG03292,PKG0051,USR0055,2024-09-03,2024-09-13,10,4,66940
BKG03293,PKG0002,USR0009,2024-07-10,2024-11-07,120,2,16470
BKG03294,PKG0053,USR0137,2025-06-27,2025-07-12,15,1,37780
BKG03295,PKG0043,USR0232,2024-05-01,2024-05-21,20,5,147000
BKG03296,PKG0009,USR0282,2025-03-17,2025-03-22,5,4,69130
BKG03297,PKG0037,USR0109,2025-05-29,2025-06-18,20,6,186760
BKG03298,PKG0023,USR0221,2024-02-24,2024-02-26,2,3,281400
BKG03299,PKG0060,USR0226,2024-04-10,2024-04-15,5,2,18030
BKG03300,PKG0013,USR0026,2025-03-08,2025-03-18,10,5,131360
BKG03301,PKG0045,USR0100,2025-02-16,2025-04-17,60,2,68830
BKG03302,PKG0044,USR0091,2025-06-26,2025-07-06,10,3,187400
BKG03303,PKG0037,USR0312,2025-03-19,2025-04-18,30,2,86070
BKG03304,PKG0025,USR0056,2024-09-11,2025-03-10,180,2,17480
BKG03305,PKG0014,USR0057,2024-02-24,2024-04-09,45,1,6870
BKG03306,PKG0050,USR0019,2024-09-01,2024-09-11,10,3,19450
BKG03307,PKG0050,USR0034,2024-10-09,2024-10-29,20,2,11530
BKG03308,PKG0020,USR0116,2025-02-18,2025-06-18,120,3,60880
BKG03309,PKG0040,USR0201,2024-08-13,2024-09-12,30,1,20040
BKG03310,PKG0045,USR0376,2024-10-01,2025-01-29,120,2,62280
BKG03311,PKG0013,USR0254,2024-07-27,2024-11-24,120,2,44540
BKG03312,PKG0029,USR0178,2025-09-02,2025-11-01,60,5,116780
BKG03313,PKG0053,USR0148,2024-04-06,2024-05-06,30,4,144530
BKG03314,PKG0038,USR0095,2025-09-29,2025-10-09,10,2,151360
BKG03315,PKG0045,USR0245,2024-09-01,2024-09-16,15,2,76090
BKG03316,PKG0057,USR0088,2024-03-12,2024-03-27,15,2,30930
BKG03317,PKG0027,USR0086,2025-04-11,2025-04-21,10,2,26520
BKG03318,PKG0028,USR0073,2025-04-30,2025-06-14,45,10,119230
BKG03319,PKG0031,USR0220,2024-06-30,2024-08-14,45,6,169500
BKG03320,PKG0030,USR0136,2024-06-23,2024-07-08,15,8,749670
BKG03321,PKG0058,USR0348,2024-01-10,2024-04-09,90,4,99840
BKG03322,PKG0049,USR0305,2025-04-30,2025-05-15,15,4,162430
BKG03323,PKG0033,USR0299,2024-09-10,2024-11-09,60,2,50710
BKG03324,PKG0012,USR0242,2024-01-18,2024-01-23,5,6,377040
BKG03325,PKG0003,USR0291,2024-10-24,2024-10-29,5,3,501000
BKG03326,PKG0024,USR0117,2024-06-20,2024-07-10,20,5,76840
BKG03327,PKG0048,USR0387,2024-04-06,2024-04-21,15,6,60200
BKG03328,PKG0027,USR0052,2024-12-09,2025-02-07,60,2,15150
BKG03329,PKG0045,USR0232,2024-12-25,2025-01-14,20,2,74570
BKG03330,PKG0052,USR0280,2025-05-13,2025-06-27,45,5,48500
BKG03331,PKG0003,USR0130,2024-01-14,2024-01-29,15,2,355790
BKG03332,PKG0003,USR0181,2024-12-07,2024-12-22,15,2,327950
BKG03333,PKG0045,USR0266,2025-09-02,2025-09-17,15,5,170770
BKG03334,PKG0045,USR0248,2025-06-15,2025-06-25,10,4,146760
BKG03335,PKG0028,USR0373,2024-05-31,2024-06-02,2,3,51230
BKG03336,PKG0001,USR0211,2024-05-25,2024-11-21,180,8,338960
BKG03337,PKG0044,USR0183,2024-09-07,2024-10-07,30,6,317840
BKG03338,PKG0027,USR0296,2025-03-17,2025-04-16,30,4,37580
BKG03339,PKG0042,USR0185,2024-04-01,2024-04-16,15,8,432790
BKG03340,PKG0015,USR0100,2025-01-21,2025-05-21,120,1,6700
BKG03341,PKG0006,USR0328,2024-10-07,2024-10-09,2,4,47310
BKG03342,PKG0022,USR0321,2025-04-05,2025-04-20,15,2,21050
BKG03343,PKG0041,USR0270,2024-12-23,2025-01-12,20,4,37670
BKG03344,PKG0030,USR0170,2025-03-03,2025-04-17,45,5,535440
BKG03345,PKG0037,USR0142,2024-02-12,2024-03-03,20,2,81670
BKG03346,PKG0020,USR0297,2024-12-17,2025-01-06,20,2,60520
BKG03347,PKG0005,USR0314,2025-04-10,2025-04-20,10,5,133910
BKG03348,PKG0030,USR0291,2024-12-21,2025-02-04,45,2,186310
BKG03349,PKG0055,USR0148,2024-01-09,2024-01-11,2,2,44080
BKG03350,PKG0053,USR0256,2024-05-30,2024-07-14,45,4,135280
BKG03351,PKG0033,USR0239,2025-06-19,2025-07-19,30,2,48030
BKG03352,PKG0050,USR0149,2024-06-15,2024-06-20,5,3,21440
BKG03353,PKG0024,USR0156,2024-03-07,2024-04-06,30,1,22700
BKG03354,PKG0045,USR0151,2024-02-11,2024-03-12,30,4,123140
BKG03355,PKG0053,USR0112,2025-08-30,2025-09-09,10,4,129240
BKG03356,PKG0023,USR0064,2024-11-09,2024-11-24,15,4,368720
BKG03357,PKG0051,USR0003,2024-01-01,2024-01-03,2,3,69960
BKG03358,PKG0055,USR0026,2024-12-24,2025-01-03,10,2,42000
BKG03359,PKG0049,USR0146,2025-05-29,2025-06-28,30,1,32750
BKG03360,PKG0016,USR0341,2025-07-28,2025-08-17,20,1,36750
BKG03361,PKG0014,USR0080,2024-10-04,2024-10-24,20,4,23050
BKG03362,PKG0019,USR0074,2024-07-20,2024-07-25,5,5,188880
BKG03363,PKG0043,USR0222,2024-03-23,2024-04-07,15,4,152890
BKG03364,PKG0040,USR0149,2025-04-29,2025-05-14,15,1,27530
BKG03365,PKG0048,USR0182,2025-01-30,2025-02-04,5,1,11320
BKG03366,PKG0052,USR0217,2024-04-10,2024-06-09,60,4,35640
BKG03367,PKG0025,USR0134,2025-09-03,2025-09-18,15,2,22940
BKG03368,PKG0015,USR0160,2025-03-22,2025-03-24,2,6,54780
BKG03369,PKG0046,USR0348,2025-08-15,2025-09-14,30,2,64580
BKG03370,PKG0052,USR0072,2024-07-23,2024-09-21,60,2,19790
BKG03371,PKG0022,USR0129,2025-07-21,2025-08-10,20,5,38650
BKG03372,PKG0030,USR0103,2024-03-28,2024-05-27,60,2,199690
BKG03373,PKG0030,USR0153,2025-04-17,2025-05-02,15,2,234030
BKG03374,PKG0017,USR0280,2025-03-23,2025-04-22,30,2,53540
BKG03375,PKG0008,USR0050,2025-03-28,2025-04-12,15,4,211360
BKG03376,PKG0060,USR0356,2025-01-01,2025-01-31,30,8,47030
BKG03377,PKG0051,USR0240,2025-04-22,2025-05-07,15,2,41820
BKG03378,PKG0048,USR0216,2025-04-17,2025-05-07,20,4,39320
BKG03379,PKG0038,USR0015,2024-01-28,2024-03-13,45,4,250330
BKG03380,PKG0031,USR0393,2024-05-23,2024-06-22,30,2,64660
BKG03381,PKG0046,USR0315,2024-09-05,2024-09-25,20,4,116980
BKG03382,PKG0032,USR0298,2024-05-10,2024-06-09,30,4,89560
BKG03383,PKG0019,USR0318,2025-08-02,2025-08-22,20,4,117940
BKG03384,PKG0050,USR0151,2025-02-06,2025-02-26,20,4,26450
BKG03385,PKG0007,USR0065,2024-01-07,2024-04-06,90,2,18760
BKG03386,PKG0006,USR0237,2025-06-14,2025-08-13,60,10,84470
BKG03387,PKG0034,USR0236,2024-03-27,2024-03-29,2,2,106920
BKG03388,PKG0004,USR0029,2024-04-19,2024-04-24,5,2,26970
BKG03389,PKG0060,USR0171,2024-10-24,2024-11-13,20,3,18880
BKG03390,PKG0001,USR0290,2024-12-05,2024-12-20,15,4,273060
BKG03391,PKG0040,USR0032,2025-08-21,2025-09-05,15,4,83180
BKG03392,PKG0010,USR0346,2024-02-24,2024-03-25,30,3,45070
BKG03393,PKG0032,USR0360,2024-05-27,2024-08-25,90,3,68860
BKG03394,PKG0009,USR0288,2025-05-22,2025-08-20,90,4,46820
BKG03395,PKG0050,USR0070,2024-06-07,2024-06-22,15,5,34100
BKG03396,PKG0038,USR0155,2024-01-07,2024-03-07,60,2,129040
BKG03397,PKG0058,USR0249,2024-07-24,2024-08-23,30,2,49770
BKG03398,PKG0042,USR0059,2024-06-05,2024-06-07,2,8,473450
BKG03399,PKG0023,USR0310,2025-06-16,2025-12-13,180,2,125740
BKG03400,PKG0004,USR0050,2024-04-16,2024-05-16,30,5,48920
BKG03401,PKG0005,USR0243,2025-06-01,2025-06-16,15,4,107850
BKG03402,PKG0018,USR0228,2024-05-04,2024-07-03,60,3,39170
BKG03403,PKG0055,USR0154,2024-07-07,2024-07-17,10,4,72370
BKG03404,PKG0015,USR0121,2025-07-13,2025-07-28,15,6,43320
BKG03405,PKG0058,USR0134,2025-03-25,2025-04-04,10,2,65930
BKG03406,PKG0042,USR0337,2025-03-18,2025-03-28,10,2,106240
BKG03407,PKG0054,USR0075,2024-07-08,2024-08-22,45,2,35890
BKG03408,PKG0016,USR0073,2024-09-03,2024-10-18,45,2,62710
BKG03409,PKG0016,USR0088,2025-07-13,2025-08-02,20,2,63950
BKG03410,PKG0047,USR0103,2024-10-23,2024-12-07,45,3,90100
BKG03411,PKG0005,USR0149,2025-08-25,2025-09-09,15,3,64130
BKG03412,PKG0023,USR0253,2024-10-08,2024-10-13,5,2,156080
BKG03413,PKG0019,USR0201,2024-04-19,2024-04-24,5,4,178900
BKG03414,PKG0014,USR0238,2025-03-11,2025-09-07,180,6,26160
BKG03415,PKG0031,USR0076,2025-04-13,2025-05-03,20,2,80980
BKG03416,PKG0059,USR0062,2024-01-12,2024-02-26,45,6,127070
BKG03417,PKG0054,USR0298,2025-09-26,2025-10-26,30,10,174480
BKG03418,PKG0036,USR0228,2024-12-29,2025-02-12,45,4,22030
BKG03419,PKG0030,USR0072,2025-04-14,2025-04-29,15,4,462380
BKG03420,PKG0009,USR0142,2024-06-11,2024-07-01,20,4,46070
BKG03421,PKG0009,USR0184,2025-05-30,2025-06-19,20,1,12380
BKG03422,PKG0047,USR0108,2025-06-21,2025-07-01,10,2,58040
BKG03423,PKG0040,USR0200,2024-06-27,2024-07-17,20,2,39100
BKG03424,PKG0053,USR0336,2025-07-30,2025-09-28,60,4,108440
BKG03425,PKG0056,USR0174,2024-05-23,2024-06-02,10,4,140450
BKG03426,PKG0038,USR0143,2024-11-06,2024-11-11,5,2,230780
BKG03427,PKG0044,USR0202,2025-05-10,2025-08-08,90,4,218530
BKG03428,PKG0039,USR0193,2025-09-12,2025-10-02,20,3,52510
BKG03429,PKG0021,USR0338,2025-06-03,2025-10-01,120,2,31700
BKG03430,PKG0042,USR0398,2024-09-22,2024-10-07,15,2,123460
BKG03431,PKG0044,USR0067,2025-08-25,2025-09-14,20,5,233810
BKG03432,PKG0058,USR0298,2025-09-24,2025-10-14,20,2,54290
BKG03433,PKG0058,USR0207,2024-01-31,2024-04-30,90,2,54530
BKG03434,PKG0038,USR0376,2024-04-08,2024-05-08,30,3,285850
BKG03435,PKG0004,USR0341,2025-05-02,2025-06-16,45,1,8070
BKG03436,PKG0018,USR0166,2024-08-30,2024-09-14,15,5,67670
BKG03437,PKG0035,USR0054,2024-06-27,2024-07-07,10,4,22370
BKG03438,PKG0040,USR0373,2025-03-06,2025-03-21,15,3,64460
BKG03439,PKG0034,USR0033,2024-09-13,2024-12-12,90,3,146870
BKG03440,PKG0058,USR0059,2024-03-15,2024-04-14,30,2,54420
BKG03441,PKG0028,USR0227,2025-09-13,2025-10-13,30,4,54830
BKG03442,PKG0006,USR0324,2024-06-27,2024-08-11,45,4,40630
BKG03443,PKG0033,USR0165,2025-04-05,2025-07-04,90,5,104970
BKG03444,PKG0008,USR0194,2025-08-10,2025-08-12,2,8,390160
BKG03445,PKG0050,USR0285,2024-09-15,2024-10-05,20,4,23850
BKG03446,PKG0008,USR0252,2024-10-19,2024-11-03,15,2,104220
BKG03447,PKG0019,USR0116,2024-06-14,2024-07-14,30,2,69090
BKG03448,PKG0025,USR0223,2024-07-15,2024-08-04,20,2,19390
BKG03449,PKG0037,USR0045,2024-04-08,2024-04-18,10,4,191820
BKG03450,PKG0058,USR0105,2024-05-23,2024-09-20,120,6,112700
BKG03451,PKG0044,USR0003,2025-02-21,2025-03-08,15,5,320410
BKG03452,PKG0004,USR0291,2024-03-14,2024-04-13,30,2,22180
BKG03453,PKG0010,USR0175,2025-06-24,2025-07-14,20,2,31430
BKG03454,PKG0049,USR0255,2024-07-31,2024-10-29,90,1,28420
BKG03455,PKG0051,USR0293,2025-05-27,2025-06-26,30,3,44820
BKG03456,PKG0059,USR0181,2025-07-26,2025-11-23,120,6,130590
BKG03457,PKG0010,USR0071,2025-03-25,2025-05-09,45,3,52430
BKG03458,PKG0037,USR0219,2024-03-13,2024-04-12,30,2,88890
BKG03459,PKG0009,USR0292,2025-06-13,2025-07-03,20,4,44460
BKG03460,PKG0039,USR0153,2025-05-25,2025-06-09,15,6,94670
BKG03461,PKG0057,USR0119,2025-07-07,2025-08-06,30,1,14350
BKG03462,PKG0001,USR0170,2024-10-23,2024-10-28,5,2,128130
BKG03463,PKG0010,USR0129,2025-01-01,2025-01-31,30,3,51980
BKG03464,PKG0009,USR0035,2024-06-10,2024-07-25,45,2,26070
BKG03465,PKG0003,USR0148,2025-08-12,2026-02-08,180,2,218330
BKG03466,PKG0028,USR0124,2025-09-17,2026-01-15,120,5,65430
BKG03467,PKG0059,USR0257,2025-09-25,2025-10-15,20,4,95680
BKG03468,PKG0014,USR0030,2024-04-23,2024-04-28,5,5,45130
BKG03469,PKG0029,USR0299,2024-09-26,2024-10-26,30,2,45090
BKG03470,PKG0037,USR0335,2024-12-12,2024-12-22,10,6,252040
BKG03471,PKG0019,USR0216,2024-12-08,2025-01-07,30,1,30430
BKG03472,PKG0023,USR0392,2024-07-28,2024-09-26,60,3,183760
BKG03473,PKG0052,USR0281,2024-12-03,2025-01-02,30,2,22220
BKG03474,PKG0006,USR0388,2024-03-04,2024-03-19,15,1,13250
BKG03475,PKG0059,USR0121,2025-07-31,2025-09-14,45,4,105380
BKG03476,PKG0032,USR0313,2024-02-06,2024-05-06,90,5,110610
BKG03477,PKG0022,USR0178,2025-03-02,2025-03-12,10,2,17060
BKG03478,PKG0049,USR0307,2024-03-23,2024-03-25,2,6,217210
BKG03479,PKG0034,USR0283,2024-05-12,2024-09-09,120,3,112280
BKG03480,PKG0029,USR0139,2024-04-16,2024-05-01,15,4,121420
BKG03481,PKG0059,USR0019,2024-08-18,2024-10-17,60,10,185580
BKG03482,PKG0037,USR0333,2025-05-04,2025-05-24,20,8,316570
BKG03483,PKG0005,USR0156,2024-08-21,2024-11-19,90,5,112720
BKG03484,PKG0043,USR0011,2024-01-27,2024-02-26,30,2,53720
BKG03485,PKG0057,USR0397,2024-07-19,2024-08-18,30,5,71280
BKG03486,PKG0048,USR0274,2025-01-23,2025-03-09,45,3,22420
BKG03487,PKG0029,USR0350,2024-01-19,2024-03-04,45,4,84020
BKG03488,PKG0045,USR0283,2025-01-31,2025-02-02,2,2,79930
BKG03489,PKG0036,USR0393,2024-05-08,2024-05-28,20,3,23750
BKG03490,PKG0048,USR0221,2025-07-16,2025-08-05,20,2,17310
BKG03491,PKG0009,USR0071,2024-04-30,2024-06-29,60,2,20810
BKG03492,PKG0046,USR0316,2025-01-11,2025-01-13,2,4,168540
BKG03493,PKG0003,USR0181,2025-03-23,2025-04-07,15,2,329420
BKG03494,PKG0016,USR0030,2024-04-04,2024-05-04,30,10,339560
BKG03495,PKG0031,USR0302,2025-02-26,2025-06-26,120,4,103360
BKG03496,PKG0042,USR0383,2025-07-03,2025-12-30,180,4,181880
BKG03497,PKG0059,USR0291,2024-01-16,2024-01-26,10,5,143380
BKG03498,PKG0028,USR0369,2024-02-28,2024-03-01,2,4,60580
BKG03499,PKG0052,USR0040,2025-03-25,2025-04-14,20,2,24560
BKG03500,PKG0030,USR0093,2024-11-17,2025-02-15,90,2,163270
BKG03501,PKG0021,USR0180,2024-09-07,2024-11-06,60,4,80050
BKG03502,PKG0025,USR0150,2025-02-11,2025-04-12,60,3,36290
BKG03503,PKG0002,USR0246,2024-03-19,2024-04-18,30,10,91510
BKG03504,PKG0034,USR0040,2025-07-10,2025-09-08,60,4,141550
BKG03505,PKG0028,USR0106,2024-12-31,2025-01-10,10,6,94430
BKG03506,PKG0049,USR0113,2024-11-05,2024-11-25,20,4,153580
BKG03507,PKG0028,USR0188,2024-10-26,2024-11-25,30,2,34510
BKG03508,PKG0027,USR0335,2024-09-30,2024-10-10,10,1,10880
BKG03509,PKG0023,USR0164,2025-05-30,2025-06-04,5,3,234710
BKG03510,PKG0019,USR0054,2025-02-24,2025-03-11,15,2,70610
BKG03511,PKG0051,USR0362,2025-05-12,2025-05-27,15,3,55840
BKG03512,PKG0054,USR0144,2024-05-20,2024-05-30,10,1,29500
BKG03513,PKG0022,USR0267,2025-07-20,2025-09-18,60,1,7360
BKG03514,PKG0048,USR0108,2024-05-25,2024-06-04,10,3,28260
BKG03515,PKG0023,USR0019,2025-03-26,2025-07-24,120,5,283620
BKG03516,PKG0051,USR0333,2024-04-26,2024-05-11,15,4,71970
BKG03517,PKG0032,USR0011,2024-02-04,2024-02-14,10,1,28650
BKG03518,PKG0044,USR0139,2025-01-28,2025-02-12,15,2,136220
BKG03519,PKG0051,USR0154,2024-03-27,2024-04-26,30,2,38300
BKG03520,PKG0028,USR0031,2025-09-16,2025-10-16,30,3,41300
BKG03521,PKG0060,USR0197,2025-01-26,2025-02-25,30,1,5280
BKG03522,PKG0014,USR0197,2024-08-17,2024-09-16,30,2,11580
BKG03523,PKG0019,USR0106,2025-03-17,2025-04-06,20,3,103420
BKG03524,PKG0011,USR0273,2024-11-08,2025-01-07,60,2,87160
BKG03525,PKG0015,USR0017,2024-12-22,2025-01-01,10,10,84920
BKG03526,PKG0030,USR0014,2024-12-10,2024-12-15,5,4,579810
BKG03527,PKG0044,USR0135,2025-08-28,2025-09-17,20,5,265410
BKG03528,PKG0057,USR0111,2024-12-15,2024-12-30,15,4,69240
BKG03529,PKG0037,USR0372,2025-03-20,2025-05-04,45,6,230440
BKG03530,PKG0042,USR0219,2024-02-28,2024-03-09,10,2,108140
BKG03531,PKG0040,USR0056,2024-10-21,2024-11-20,30,2,53840
BKG03532,PKG0058,USR0274,2025-08-09,2025-09-23,45,8,180690
BKG03533,PKG0020,USR0369,2025-06-15,2025-08-14,60,6,121650
BKG03534,PKG0012,USR0134,2025-01-25,2025-01-27,2,2,145130
BKG03535,PKG0020,USR0240,2024-08-31,2024-09-10,10,4,114540
BKG03536,PKG0016,USR0068,2024-10-14,2024-11-13,30,2,90700
BKG03537,PKG0030,USR0350,2024-03-28,2024-07-26,120,3,228910
BKG03538,PKG0053,USR0128,2024-10-29,2024-12-13,45,2,77220
BKG03539,PKG0024,USR0173,2024-02-09,2024-03-10,30,4,76210
BKG03540,PKG0055,USR0316,2024-10-02,2024-10-12,10,4,65000
BKG03541,PKG0031,USR0338,2025-09-14,2025-12-13,90,2,70890
BKG03542,PKG0047,USR0007,2025-08-05,2025-08-20,15,1,29440
BKG03543,PKG0033,USR0339,2024-09-27,2024-10-12,15,3,82590
BKG03544,PKG0051,USR0092,2024-01-18,2024-04-17,90,4,65380
BKG03545,PKG0007,USR0226,2024-02-07,2024-04-07,60,2,17060
BKG03546,PKG0015,USR0184,2025-07-23,2025-08-12,20,2,13720
BKG03547,PKG0021,USR0112,2025-08-16,2025-10-15,60,2,34820
BKG03548,PKG0052,USR0041,2025-09-16,2026-01-14,120,5,48110
BKG03549,PKG0030,USR0283,2024-03-06,2024-07-04,120,2,162680
BKG03550,PKG0005,USR0226,2024-10-09,2024-11-23,45,2,52390
BKG03551,PKG0052,USR0133,2024-05-10,2024-05-15,5,1,14370
BKG03552,PKG0026,USR0117,2024-05-30,2024-06-09,10,6,185260
BKG03553,PKG0038,USR0317,2024-08-26,2024-12-24,120,6,424500
BKG03554,PKG0055,USR0059,2024-07-07,2024-07-22,15,8,132700
BKG03555,PKG0025,USR0351,2025-03-26,2025-04-15,20,3,39330
BKG03556,PKG0014,USR0297,2025-07-20,2025-11-17,120,4,23540
BKG03557,PKG0010,USR0368,2024-09-22,2024-09-27,5,3,57460
BKG03558,PKG0006,USR0132,2024-12-27,2025-01-11,15,3,39840
BKG03559,PKG0037,USR0277,2025-09-06,2025-11-05,60,2,83140
BKG03560,PKG0023,USR0121,2024-03-20,2024-05-04,45,3,221120
BKG03561,PKG0033,USR0260,2025-06-07,2025-08-06,60,2,45950
BKG03562,PKG0020,USR0040,2024-11-29,2024-12-09,10,5,182220
BKG03563,PKG0022,USR0293,2025-03-01,2025-04-15,45,4,37170
BKG03564,PKG0030,USR0037,2024-10-16,2024-10-31,15,2,204710
BKG03565,PKG0031,USR0074,2025-09-13,2025-10-28,45,1,33430
BKG03566,PKG0034,USR0185,2025-02-21,2025-06-21,120,10,307750
BKG03567,PKG0051,USR0334,2024-10-28,2024-11-07,10,6,122560
BKG03568,PKG0053,USR0319,2025-01-12,2025-01-22,10,6,229480
BKG03569,PKG0034,USR0023,2024-06-02,2024-07-17,45,2,80010
BKG03570,PKG0048,USR0303,2025-09-15,2025-10-15,30,3,24960
BKG03571,PKG0010,USR0109,2025-06-07,2025-07-07,30,2,32950
BKG03572,PKG0028,USR0367,2025-06-04,2025-06-24,20,2,26790
BKG03573,PKG0027,USR0298,2024-08-08,2024-12-06,120,6,51890
BKG03574,PKG0037,USR0194,2024-02-03,2024-02-05,2,1,50350
BKG03575,PKG0052,USR0337,2025-01-25,2025-02-04,10,8,91200
BKG03576,PKG0043,USR0391,2024-03-21,2024-04-20,30,2,67720
BKG03577,PKG0053,USR0040,2024-08-17,2024-09-01,15,2,70490
BKG03578,PKG0058,USR0290,2025-08-11,2025-09-25,45,2,47240
BKG03579,PKG0036,USR0323,2025-03-04,2025-03-14,10,4,29480
BKG03580,PKG0022,USR0276,2025-06-24,2025-10-22,120,3,17820
BKG03581,PKG0048,USR0027,2025-06-21,2025-07-01,10,2,18780
BKG03582,PKG0023,USR0267,2024-10-02,2024-10-22,20,3,215210
BKG03583,PKG0019,USR0100,2024-10-27,2024-11-11,15,5,194710
BKG03584,PKG0060,USR0125,2025-01-05,2025-01-20,15,2,14090
BKG03585,PKG0025,USR0119,2024-04-28,2024-05-13,15,4,56550
BKG03586,PKG0041,USR0355,2025-02-23,2025-05-24,90,2,19670
BKG03587,PKG0050,USR0186,2025-07-27,2025-09-10,45,1,6300
BKG03588,PKG0048,USR0259,2025-01-05,2025-04-05,90,2,17700
BKG03589,PKG0008,USR0335,2024-08-23,2024-10-07,45,4,154860
BKG03590,PKG0027,USR0230,2024-08-23,2024-09-07,15,1,10390
BKG03591,PKG0031,USR0292,2024-05-08,2024-05-18,10,6,244570
BKG03592,PKG0015,USR0276,2025-02-21,2025-04-07,45,6,43660
BKG03593,PKG0047,USR0346,2024-05-21,2024-07-20,60,1,24500
BKG03594,PKG0010,USR0311,2024-10-20,2024-10-30,10,1,15660
BKG03595,PKG0022,USR0175,2024-03-24,2024-04-08,15,3,28120
BKG03596,PKG0054,USR0210,2024-05-31,2024-06-20,20,6,96140
BKG03597,PKG0058,USR0295,2024-07-21,2024-08-05,15,2,63370
BKG03598,PKG0051,USR0093,2024-01-16,2024-01-26,10,8,145080
BKG03599,PKG0027,USR0086,2024-09-26,2024-12-25,90,2,18810
BKG03600,PKG0022,USR0392,2025-04-26,2025-06-10,45,3,23700
BKG03601,PKG0016,USR0381,2024-02-04,2024-03-05,30,1,33260
BKG03602,PKG0043,USR0221,2024-06-19,2024-06-29,10,4,129650
BKG03603,PKG0016,USR0038,2025-06-26,2025-07-26,30,6,175230
BKG03604,PKG0022,USR0199,2024-12-28,2025-03-28,90,3,20330
BKG03605,PKG0003,USR0066,2025-07-24,2025-07-29,5,1,167700
BKG03606,PKG0014,USR0124,2024-05-01,2024-06-30,60,2,11430
BKG03607,PKG0010,USR0173,2024-12-10,2025-01-09,30,1,16660
BKG03608,PKG0023,USR0303,2024-04-20,2024-04-30,10,4,350690
BKG03609,PKG0037,USR0370,2024-12-29,2025-01-08,10,2,98230
BKG03610,PKG0017,USR0230,2025-04-05,2025-04-15,10,4,120830
BKG03611,PKG0015,USR0380,2024-10-23,2025-02-20,120,2,10310
BKG03612,PKG0022,USR0388,2024-05-17,2024-05-27,10,3,31100
BKG03613,PKG0053,USR0376,2025-08-26,2025-08-28,2,2,85350
BKG03614,PKG0015,USR0261,2024-01-08,2024-01-18,10,8,59680
BKG03615,PKG0059,USR0304,2025-04-09,2025-06-08,60,2,44560
BKG03616,PKG0032,USR0195,2024-06-29,2024-07-19,20,4,77510
BKG03617,PKG0051,USR0261,2024-10-13,2024-10-18,5,3,65950
BKG03618,PKG0008,USR0396,2024-10-31,2024-12-15,45,5,227160
BKG03619,PKG0018,USR0253,2025-07-31,2025-08-10,10,2,30120
BKG03620,PKG0049,USR0266,2025-08-16,2025-08-31,15,3,100250
BKG03621,PKG0037,USR0261,2025-03-12,2025-09-08,180,2,56700
BKG03622,PKG0031,USR0147,2024-11-22,2025-01-06,45,1,38800
BKG03623,PKG0048,USR0388,2024-05-26,2024-09-23,120,4,25150
BKG03624,PKG0012,USR0022,2024-08-03,2024-09-17,45,1,46130
BKG03625,PKG0015,USR0221,2025-08-11,2025-08-16,5,2,18780
BKG03626,PKG0021,USR0316,2024-12-21,2025-01-20,30,8,157520
BKG03627,PKG0030,USR0146,2024-10-21,2024-11-10,20,2,208380
BKG03628,PKG0001,USR0141,2024-08-17,2024-09-06,20,2,92720
BKG03629,PKG0049,USR0087,2024-09-22,2025-01-20,120,10,273150
BKG03630,PKG0055,USR0311,2024-08-25,2024-09-09,15,2,36120
BKG03631,PKG0021,USR0342,2024-04-08,2024-10-05,180,2,32400
BKG03632,PKG0058,USR0106,2025-06-04,2025-06-14,10,4,104860
BKG03633,PKG0048,USR0387,2025-09-04,2025-09-24,20,1,7570
BKG03634,PKG0052,USR0021,2025-07-06,2025-07-21,15,2,23200
BKG03635,PKG0006,USR0276,2024-01-07,2024-02-06,30,2,20120
BKG03636,PKG0006,USR0251,2024-01-27,2024-02-06,10,2,25680
BKG03637,PKG0047,USR0190,2025-08-07,2025-11-05,90,4,120610
BKG03638,PKG0047,USR0219,2025-06-17,2025-06-22,5,8,257130
BKG03639,PKG0047,USR0065,2024-10-29,2024-11-18,20,5,158710
BKG03640,PKG0041,USR0057,2024-05-02,2024-05-22,20,2,20800
BKG03641,PKG0030,USR0228,2025-05-20,2025-08-18,90,10,716710
BKG03642,PKG0030,USR0135,2024-05-20,2024-05-30,10,2,266730
BKG03643,PKG0037,USR0143,2024-04-29,2024-06-13,45,2,73520
BKG03644,PKG0024,USR0182,2024-08-15,2024-09-14,30,4,79410
BKG03645,PKG0060,USR0373,2024-06-09,2024-09-07,90,4,19940
BKG03646,PKG0040,USR0260,2025-04-09,2025-04-29,20,3,78040
BKG03647,PKG0030,USR0323,2024-03-16,2024-04-15,30,8,744110
BKG03648,PKG0016,USR0362,2024-02-09,2024-03-10,30,2,56450
BKG03649,PKG0019,USR0222,2025-06-17,2025-07-02,15,5,151230
BKG03650,PKG0038,USR0163,2025-07-25,2026-01-21,180,3,207940
BKG03651,PKG0051,USR0339,2024-02-06,2024-02-26,20,4,59500
BKG03652,PKG0031,USR0325,2024-09-08,2024-10-23,45,2,64410
BKG03653,PKG0040,USR0071,2024-08-13,2024-09-12,30,5,95900
BKG03654,PKG0027,USR0345,2025-04-26,2025-05-16,20,2,21240
BKG03655,PKG0008,USR0078,2024-07-10,2024-10-08,90,2,68300
BKG03656,PKG0001,USR0376,2024-05-14,2024-06-13,30,2,92660
BKG03657,PKG0038,USR0102,2024-03-31,2024-04-10,10,3,263220
BKG03658,PKG0019,USR0265,2024-08-07,2024-08-22,15,2,56920
BKG03659,PKG0035,USR0002,2025-05-17,2025-06-01,15,2,10660
BKG03660,PKG0041,USR0286,2024-07-01,2024-08-15,45,5,42870
BKG03661,PKG0037,USR0020,2024-09-26,2024-10-16,20,4,126220
BKG03662,PKG0051,USR0315,2025-08-20,2025-11-18,90,2,32590
BKG03663,PKG0029,USR0121,2025-05-10,2025-05-30,20,5,133850
BKG03664,PKG0013,USR0272,2024-07-03,2024-08-02,30,2,45060
BKG03665,PKG0054,USR0154,2024-10-26,2024-11-25,30,6,126310
BKG03666,PKG0018,USR0343,2025-02-05,2025-02-15,10,4,62170
BKG03667,PKG0049,USR0307,2025-05-07,2025-05-09,2,5,234200
BKG03668,PKG0049,USR0152,2024-04-25,2024-07-24,90,3,83470
BKG03669,PKG0006,USR0387,2025-03-05,2025-04-04,30,4,45470
BKG03670,PKG0052,USR0229,2025-03-11,2025-05-10,60,2,22240
BKG03671,PKG0027,USR0060,2024-11-22,2025-03-22,120,3,19610
BKG03672,PKG0038,USR0339,2025-02-11,2025-06-11,120,4,230460
BKG03673,PKG0004,USR0361,2025-05-10,2025-05-30,20,5,43780
BKG03674,PKG0008,USR0251,2024-08-28,2024-09-02,5,5,265790
BKG03675,PKG0031,USR0015,2025-06-03,2025-09-01,90,2,59740
BKG03676,PKG0043,USR0111,2025-02-22,2025-02-24,2,2,79710
BKG03677,PKG0036,USR0032,2024-11-26,2024-12-26,30,4,29370
BKG03678,PKG0037,USR0134,2025-02-25,2025-03-27,30,3,105330
BKG03679,PKG0001,USR0201,2025-03-11,2025-03-26,15,1,55750
BKG03680,PKG0041,USR0205,2024-02-25,2024-04-10,45,2,21190
BKG03681,PKG0037,USR0138,2024-08-12,2024-10-11,60,5,164470
BKG03682,PKG0031,USR0174,2024-02-16,2024-02-26,10,2,72970
BKG03683,PKG0034,USR0158,2024-08-14,2024-09-28,45,3,105900
BKG03684,PKG0038,USR0294,2025-07-02,2025-08-16,45,2,159170
BKG03685,PKG0014,USR0106,2024-04-22,2024-05-22,30,3,20800
BKG03686,PKG0025,USR0315,2024-05-12,2024-06-01,20,6,52080
BKG03687,PKG0037,USR0310,2024-01-22,2024-02-01,10,1,37890
BKG03688,PKG0029,USR0195,2024-12-07,2025-01-06,30,2,54190
BKG03689,PKG0035,USR0181,2025-07-20,2025-07-22,2,2,11390
BKG03690,PKG0020,USR0033,2025-06-15,2025-06-17,2,2,68100
BKG03691,PKG0030,USR0108,2024-07-22,2024-08-11,20,5,425470
BKG03692,PKG0042,USR0081,2025-02-09,2025-02-14,5,4,231420
BKG03693,PKG0034,USR0368,2024-06-14,2024-07-04,20,4,160280
BKG03694,PKG0024,USR0192,2024-08-08,2024-08-28,20,5,74950
BKG03695,PKG0051,USR0284,2024-01-14,2024-05-13,120,2,31960
BKG03696,PKG0056,USR0019,2025-06-23,2025-07-03,10,1,37090
BKG03697,PKG0047,USR0053,2025-05-11,2025-06-10,30,3,84660
BKG03698,PKG0024,USR0022,2024-11-04,2025-03-04,120,2,28990
BKG03699,PKG0056,USR0013,2024-09-10,2024-09-30,20,2,64270
BKG03700,PKG0024,USR0018,2024-05-06,2024-07-05,60,10,142190
BKG03701,PKG0002,USR0194,2024-05-14,2024-09-11,120,1,6130
BKG03702,PKG0044,USR0380,2024-03-27,2024-04-26,30,2,134710
BKG03703,PKG0030,USR0040,2025-03-01,2025-03-21,20,4,366630
BKG03704,PKG0055,USR0011,2025-07-08,2025-08-22,45,2,33360
BKG03705,PKG0037,USR0310,2024-04-07,2024-07-06,90,8,230540
BKG03706,PKG0040,USR0377,2025-02-04,2025-02-24,20,2,41560
BKG03707,PKG0010,USR0100,2024-11-15,2024-12-30,45,10,146200
BKG03708,PKG0014,USR0166,2024-01-24,2024-02-23,30,3,17440
BKG03709,PKG0038,USR0155,2024-07-26,2024-08-05,10,3,234880
BKG03710,PKG0021,USR0052,2025-08-13,2025-08-23,10,8,152160
BKG03711,PKG0020,USR0242,2025-03-15,2025-04-29,45,3,77060
BKG03712,PKG0041,USR0048,2025-02-20,2025-02-25,5,4,47970
BKG03713,PKG0053,USR0288,2024-10-18,2025-01-16,90,4,141930
BKG03714,PKG0016,USR0360,2024-09-07,2024-09-22,15,3,110850
BKG03715,PKG0043,USR0196,2025-05-23,2025-05-25,2,4,172290
BKG03716,PKG0020,USR0373,2025-01-16,2025-07-15,180,1,21860
BKG03717,PKG0051,USR0391,2024-04-20,2024-06-19,60,5,65960
BKG03718,PKG0055,USR0232,2024-01-26,2024-01-31,5,4,92630
BKG03719,PKG0024,USR0204,2025-04-02,2025-05-17,45,2,45490
BKG03720,PKG0050,USR0190,2024-04-21,2024-06-05,45,6,34490
BKG03721,PKG0035,USR0330,2024-05-27,2024-07-11,45,2,8820
BKG03722,PKG0058,USR0323,2024-04-07,2024-04-17,10,2,63440
BKG03723,PKG0057,USR0288,2025-05-16,2025-07-15,60,6,71520
BKG03724,PKG0036,USR0304,2024-05-24,2024-08-22,90,3,16010
BKG03725,PKG0043,USR0207,2025-04-29,2025-05-29,30,1,33360
BKG03726,PKG0030,USR0268,2025-08-03,2025-08-08,5,2,291250
BKG03727,PKG0050,USR0390,2025-05-20,2025-06-09,20,4,22370
BKG03728,PKG0003,USR0130,2024-12-11,2024-12-31,20,6,792270
BKG03729,PKG0034,USR0078,2025-08-01,2025-08-31,30,3,123630
BKG03730,PKG0022,USR0307,2024-01-06,2024-02-20,45,2,15730
BKG03731,PKG0038,USR0138,2025-07-29,2025-08-08,10,1,89420
BKG03732,PKG0040,USR0251,2024-11-16,2024-12-01,15,2,54390
BKG03733,PKG0041,USR0334,2025-04-17,2025-06-16,60,2,15620
BKG03734,PKG0047,USR0363,2025-07-22,2025-11-19,120,8,178590
BKG03735,PKG0006,USR0379,2024-03-24,2024-07-22,120,2,17470
BKG03736,PKG0051,USR0054,2024-03-20,2024-04-19,30,2,34470
BKG03737,PKG0040,USR0193,2024-01-14,2024-01-24,10,2,55100
BKG03738,PKG0057,USR0083,2024-05-04,2024-09-01,120,1,12660
BKG03739,PKG0057,USR0086,2024-04-26,2024-05-26,30,4,63710
BKG03740,PKG0054,USR0020,2025-05-22,2025-05-27,5,5,155230
BKG03741,PKG0014,USR0088,2025-06-21,2025-07-11,20,8,43100
BKG03742,PKG0034,USR0250,2025-07-14,2025-07-29,15,2,96540
BKG03743,PKG0041,USR0215,2024-10-30,2024-12-14,45,6,58950
BKG03744,PKG0035,USR0061,2024-10-28,2024-11-07,10,2,12210
BKG03745,PKG0026,USR0369,2024-10-04,2025-02-01,120,3,79450
BKG03746,PKG0047,USR0268,2025-01-15,2025-03-16,60,1,23470
BKG03747,PKG0051,USR0289,2024-05-24,2024-06-13,20,8,116770
BKG03748,PKG0005,USR0149,2024-07-28,2024-08-27,30,2,46200
BKG03749,PKG0028,USR0315,2025-01-15,2025-03-16,60,2,22420
BKG03750,PKG0057,USR0266,2025-04-28,2025-05-03,5,2,41660
BKG03751,PKG0031,USR0237,2024-12-04,2025-01-18,45,3,100490
BKG03752,PKG0024,USR0383,2024-05-18,2024-06-17,30,4,66950
BKG03753,PKG0015,USR0085,2025-04-30,2025-06-14,45,4,27240
BKG03754,PKG0020,USR0006,2024-07-02,2024-09-30,90,2,45550
BKG03755,PKG0056,USR0077,2024-01-06,2024-01-26,20,2,82180
BKG03756,PKG0040,USR0160,2024-07-23,2024-08-07,15,5,122390
BKG03757,PKG0052,USR0356,2025-04-14,2025-04-19,5,8,114980
BKG03758,PKG0009,USR0170,2025-10-01,2025-10-11,10,1,14430
BKG03759,PKG0030,USR0240,2024-03-09,2024-06-07,90,1,77880
BKG03760,PKG0046,USR0180,2024-08-19,2024-09-03,15,2,69250
BKG03761,PKG0024,USR0177,2024-07-16,2024-10-14,90,2,32300
BKG03762,PKG0004,USR0141,2025-03-12,2025-03-22,10,2,18600
BKG03763,PKG0022,USR0300,2025-01-11,2025-01-16,5,2,23940
BKG03764,PKG0004,USR0320,2024-09-17,2024-10-17,30,4,34430
BKG03765,PKG0016,USR0288,2024-07-26,2024-08-05,10,2,78530
BKG03766,PKG0050,USR0040,2024-04-15,2024-05-15,30,4,27190
BKG03767,PKG0048,USR0375,2024-07-01,2024-08-15,45,2,15840
BKG03768,PKG0056,USR0135,2024-05-09,2024-05-24,15,3,138400
BKG03769,PKG0057,USR0268,2025-01-27,2025-04-27,90,1,15980
BKG03770,PKG0045,USR0170,2025-08-29,2025-09-13,15,2,69990
BKG03771,PKG0035,USR0310,2025-09-22,2025-10-22,30,4,16650
BKG03772,PKG0046,USR0343,2024-08-02,2024-11-30,120,2,54610
BKG03773,PKG0040,USR0087,2024-08-25,2024-09-04,10,2,44640
BKG03774,PKG0028,USR0111,2025-09-21,2025-12-20,90,4,52580
BKG03775,PKG0017,USR0076,2025-05-01,2025-05-31,30,2,48420
BKG03776,PKG0006,USR0001,2024-02-23,2024-03-24,30,2,21410
BKG03777,PKG0019,USR0071,2025-03-26,2025-04-05,10,3,133160
BKG03778,PKG0049,USR0218,2024-11-30,2025-02-28,90,3,89430
BKG03779,PKG0056,USR0155,2024-04-30,2024-10-27,180,2,63880
BKG03780,PKG0055,USR0124,2025-01-21,2025-03-07,45,2,35380
BKG03781,PKG0018,USR0397,2025-04-30,2025-05-20,20,2,34170
BKG03782,PKG0045,USR0182,2025-06-18,2025-09-16,90,2,58540
BKG03783,PKG0045,USR0163,2025-09-11,2025-10-26,45,5,135910
BKG03784,PKG0017,USR0110,2024-10-11,2024-10-26,15,1,29040
BKG03785,PKG0049,USR0365,2025-03-23,2025-04-22,30,2,71810
BKG03786,PKG0013,USR0287,2024-09-13,2024-09-18,5,4,117550
BKG03787,PKG0031,USR0351,2025-03-21,2025-04-10,20,2,80450
BKG03788,PKG0008,USR0334,2024-01-26,2024-03-11,45,8,295440
BKG03789,PKG0034,USR0188,2024-12-20,2024-12-30,10,2,113400
BKG03790,PKG0006,USR0373,2025-09-23,2025-10-13,20,3,32190
BKG03791,PKG0048,USR0287,2024-07-14,2024-09-12,60,3,21550
BKG03792,PKG0009,USR0196,2024-01-11,2024-01-21,10,4,56920
BKG03793,PKG0059,USR0101,2025-06-22,2025-06-24,2,2,57160
BKG03794,PKG0037,USR0100,2024-11-13,2024-11-18,5,3,164770
BKG03795,PKG0053,USR0169,2025-01-12,2025-01-27,15,4,151500
BKG03796,PKG0010,USR0130,2024-01-14,2024-02-13,30,2,26920
BKG03797,PKG0022,USR0311,2024-10-08,2024-11-07,30,5,45540
BKG03798,PKG0028,USR0329,2024-02-14,2024-03-05,20,10,113270
BKG03799,PKG0058,USR0357,2024-10-07,2024-10-12,5,6,196990
BKG03800,PKG0052,USR0321,2025-08-08,2025-08-23,15,2,21720
BKG03801,PKG0054,USR0016,2025-04-27,2025-05-27,30,4,88610
BKG03802,PKG0048,USR0312,2025-05-17,2025-05-27,10,1,11090
BKG03803,PKG0032,USR0089,2025-07-12,2025-08-11,30,2,42600
BKG03804,PKG0006,USR0054,2024-01-30,2024-02-14,15,2,21940
BKG03805,PKG0013,USR0314,2024-06-05,2024-07-05,30,8,146630
BKG03806,PKG0056,USR0362,2024-05-14,2024-06-03,20,3,111060
BKG03807,PKG0034,USR0043,2024-05-02,2024-05-17,15,2,124410
BKG03808,PKG0001,USR0029,2024-03-04,2024-05-03,60,2,109370
BKG03809,PKG0049,USR0161,2025-07-11,2025-07-13,2,2,71700
BKG03810,PKG0060,USR0143,2024-07-17,2024-08-16,30,3,15530
BKG03811,PKG0008,USR0336,2024-01-18,2024-03-18,60,2,72210
BKG03812,PKG0006,USR0171,2024-11-20,2024-12-20,30,6,63210
BKG03813,PKG0047,USR0364,2025-08-23,2025-08-28,5,3,108890
BKG03814,PKG0021,USR0370,2025-06-12,2025-07-27,45,2,36500
BKG03815,PKG0001,USR0008,2025-02-16,2025-03-18,30,4,174830
BKG03816,PKG0006,USR0214,2024-03-03,2024-04-17,45,2,25570
BKG03817,PKG0020,USR0034,2025-05-28,2025-06-12,15,2,57670
BKG03818,PKG0017,USR0076,2024-03-26,2024-03-31,5,2,63340
BKG03819,PKG0040,USR0089,2024-10-09,2024-12-08,60,2,41500
BKG03820,PKG0047,USR0312,2025-06-01,2025-08-30,90,8,171550
BKG03821,PKG0038,USR0210,2024-01-04,2024-02-18,45,2,136850
BKG03822,PKG0048,USR0160,2024-12-25,2025-01-04,10,1,11540
BKG03823,PKG0041,USR0061,2025-08-04,2025-12-02,120,2,18730
BKG03824,PKG0043,USR0357,2025-04-19,2025-05-04,15,6,186740
BKG03825,PKG0024,USR0046,2024-04-02,2024-05-02,30,1,21090
BKG03826,PKG0033,USR0094,2024-07-09,2024-08-23,45,4,84610
BKG03827,PKG0058,USR0163,2024-01-21,2024-01-26,5,3,118310
BKG03828,PKG0045,USR0393,2024-01-11,2024-04-10,90,1,35080
BKG03829,PKG0001,USR0112,2025-04-16,2025-05-01,15,10,611690
BKG03830,PKG0033,USR0042,2024-09-09,2024-09-14,5,4,133410
BKG03831,PKG0015,USR0158,2024-07-14,2024-07-29,15,10,69970
BKG03832,PKG0012,USR0383,2024-05-15,2024-05-25,10,1,67310
BKG03833,PKG0007,USR0159,2024-10-20,2024-11-04,15,4,48690
BKG03834,PKG0020,USR0092,2025-08-01,2025-10-30,90,3,68560
BKG03835,PKG0060,USR0162,2024-07-11,2024-07-13,2,8,54050
BKG03836,PKG0032,USR0140,2024-06-30,2024-07-10,10,2,53900
BKG03837,PKG0036,USR0152,2025-03-26,2025-06-24,90,2,13390
BKG03838,PKG0038,USR0136,2024-12-29,2025-02-27,60,2,134670
BKG03839,PKG0060,USR0297,2025-06-19,2025-09-17,90,6,28530
BKG03840,PKG0007,USR0231,2024-06-23,2024-09-21,90,2,13510
BKG03841,PKG0034,USR0019,2025-08-22,2025-11-20,90,2,83660
BKG03842,PKG0026,USR0198,2025-08-05,2025-09-19,45,1,28460
BKG03843,PKG0058,USR0108,2025-03-20,2025-03-25,5,4,113420
BKG03844,PKG0025,USR0178,2024-10-22,2025-01-20,90,1,11990
BKG03845,PKG0059,USR0107,2025-05-30,2025-07-29,60,2,42010
BKG03846,PKG0045,USR0283,2024-10-02,2024-11-16,45,3,109850
BKG03847,PKG0051,USR0047,2024-08-03,2024-09-17,45,2,34930
BKG03848,PKG0006,USR0133,2024-09-24,2024-09-26,2,3,36730
BKG03849,PKG0043,USR0017,2025-06-13,2025-06-15,2,6,202700
BKG03850,PKG0015,USR0338,2025-05-01,2025-05-16,15,6,54480
BKG03851,PKG0045,USR0072,2024-11-26,2025-01-10,45,3,107610
BKG03852,PKG0012,USR0191,2025-08-25,2025-09-24,30,2,81290
BKG03853,PKG0011,USR0018,2024-04-17,2024-04-27,10,2,119110
BKG03854,PKG0009,USR0323,2024-01-09,2024-01-29,20,3,40150
BKG03855,PKG0040,USR0082,2024-12-08,2025-01-22,45,2,46520
BKG03856,PKG0018,USR0173,2024-04-12,2024-04-27,15,2,40460
BKG03857,PKG0049,USR0096,2024-11-09,2024-12-24,45,2,71710
BKG03858,PKG0059,USR0084,2024-07-09,2025-01-05,180,2,46600
BKG03859,PKG0024,USR0386,2025-09-23,2025-10-03,10,2,43760
BKG03860,PKG0040,USR0234,2025-03-21,2025-04-10,20,3,66460
BKG03861,PKG0028,USR0375,2024-09-06,2024-10-06,30,2,24630
BKG03862,PKG0001,USR0130,2025-09-07,2025-10-07,30,2,89750
BKG03863,PKG0003,USR0173,2025-02-14,2025-05-15,90,2,244260
BKG03864,PKG0036,USR0154,2024-08-27,2024-09-01,5,5,39680
BKG03865,PKG0044,USR0391,2025-06-03,2025-07-18,45,2,126130
BKG03866,PKG0042,USR0056,2024-10-02,2024-10-17,15,2,113800
BKG03867,PKG0009,USR0296,2024-01-30,2024-02-09,10,1,13490
BKG03868,PKG0025,USR0084,2024-11-03,2025-01-02,60,2,22460
BKG03869,PKG0053,USR0306,2025-06-20,2025-07-05,15,8,249800
BKG03870,PKG0022,USR0102,2025-08-04,2025-09-03,30,1,7430
BKG03871,PKG0009,USR0385,2024-12-07,2025-02-05,60,4,40550
BKG03872,PKG0058,USR0028,2024-11-12,2024-11-22,10,5,174880
BKG03873,PKG0006,USR0393,2024-12-20,2024-12-30,10,4,56100
BKG03874,PKG0006,USR0235,2025-04-16,2025-04-21,5,4,67340
BKG03875,PKG0037,USR0001,2024-07-24,2024-08-08,15,1,42020
BKG03876,PKG0058,USR0089,2024-03-23,2024-04-12,20,4,105260
BKG03877,PKG0035,USR0095,2024-07-27,2024-08-11,15,2,10620
BKG03878,PKG0051,USR0224,2024-09-07,2025-03-06,180,4,52650
BKG03879,PKG0023,USR0079,2025-01-18,2025-02-17,30,10,581260
BKG03880,PKG0001,USR0003,2024-12-18,2024-12-28,10,5,295800
BKG03881,PKG0033,USR0052,2025-02-07,2025-03-09,30,3,75360
BKG03882,PKG0048,USR0358,2025-04-28,2025-06-12,45,3,20800
BKG03883,PKG0025,USR0343,2025-04-19,2025-07-18,90,4,39350
BKG03884,PKG0048,USR0362,2024-04-08,2024-04-28,20,5,44600
BKG03885,PKG0015,USR0199,2024-05-16,2024-08-14,90,4,21780
BKG03886,PKG0043,USR0205,2024-10-16,2024-11-15,30,4,124520
BKG03887,PKG0001,USR0346,2025-03-10,2025-03-15,5,4,211600
BKG03888,PKG0002,USR0306,2024-03-14,2024-04-03,20,1,9200
BKG03889,PKG0018,USR0178,2025-08-23,2025-09-22,30,2,27700
BKG03890,PKG0060,USR0014,2025-09-15,2025-12-14,90,4,23170
BKG03891,PKG0045,USR0092,2025-01-12,2025-02-26,45,1,30470
BKG03892,PKG0018,USR0186,2024-01-02,2024-02-16,45,4,59010
BKG03893,PKG0021,USR0313,2025-02-11,2025-02-13,2,6,131280
BKG03894,PKG0051,USR0040,2024-05-21,2024-06-05,15,5,83480
BKG03895,PKG0053,USR0256,2024-08-04,2024-12-02,120,2,57480
BKG03896,PKG0023,USR0155,2024-12-13,2025-04-12,120,2,138100
BKG03897,PKG0052,USR0197,2025-03-11,2025-04-10,30,2,22280
BKG03898,PKG0024,USR0078,2025-01-31,2025-02-10,10,2,42080
BKG03899,PKG0059,USR0346,2024-02-05,2024-05-05,90,2,50040
BKG03900,PKG0008,USR0134,2025-03-07,2025-03-12,5,1,64660
BKG03901,PKG0052,USR0092,2025-06-13,2025-06-18,5,4,48730
BKG03902,PKG0028,USR0055,2024-03-25,2024-04-04,10,2,35100
BKG03903,PKG0014,USR0178,2024-04-13,2024-10-10,180,1,5110
BKG03904,PKG0060,USR0336,2024-01-13,2024-02-12,30,2,10390
BKG03905,PKG0044,USR0083,2025-08-11,2025-09-25,45,4,231520
BKG03906,PKG0017,USR0260,2025-04-10,2025-04-25,15,3,86140
BKG03907,PKG0056,USR0006,2025-02-15,2025-02-20,5,2,91150
BKG03908,PKG0009,USR0217,2024-11-06,2024-11-26,20,4,52880
BKG03909,PKG0059,USR0218,2024-04-28,2024-05-03,5,5,176530
BKG03910,PKG0057,USR0310,2025-04-06,2025-05-21,45,8,120910
BKG03911,PKG0054,USR0258,2025-04-29,2025-05-04,5,2,66790
BKG03912,PKG0002,USR0365,2025-07-01,2025-08-30,60,2,14510
BKG03913,PKG0007,USR0187,2024-07-02,2024-07-07,5,4,37720
BKG03914,PKG0043,USR0218,2025-01-27,2025-02-11,15,2,60420
BKG03915,PKG0038,USR0346,2024-01-08,2024-01-13,5,6,712620
BKG03916,PKG0032,USR0173,2025-08-27,2025-10-26,60,5,96070
BKG03917,PKG0008,USR0133,2025-09-21,2025-10-01,10,4,186520
BKG03918,PKG0014,USR0373,2025-03-21,2025-05-20,60,3,18830
BKG03919,PKG0056,USR0025,2024-02-10,2024-04-10,60,3,111940
BKG03920,PKG0051,USR0063,2025-04-16,2025-07-15,90,2,29660
BKG03921,PKG0023,USR0188,2025-09-05,2025-11-04,60,3,197350
BKG03922,PKG0030,USR0352,2025-03-11,2025-03-21,10,4,396960
BKG03923,PKG0012,USR0173,2024-01-25,2024-03-25,60,1,42910
BKG03924,PKG0039,USR0278,2024-10-27,2024-11-16,20,2,39340
BKG03925,PKG0029,USR0183,2025-04-02,2025-05-17,45,2,48740
BKG03926,PKG0031,USR0167,2024-02-06,2024-05-06,90,1,31590
BKG03927,PKG0006,USR0306,2024-02-07,2024-02-22,15,4,46060
BKG03928,PKG0003,USR0273,2024-09-11,2024-12-10,90,8,990300
BKG03929,PKG0012,USR0090,2024-04-06,2024-04-16,10,2,114390
BKG03930,PKG0052,USR0065,2025-05-20,2025-09-17,120,2,17240
BKG03931,PKG0009,USR0221,2024-12-19,2025-01-03,15,2,35260
BKG03932,PKG0015,USR0235,2024-09-06,2024-09-08,2,3,23990
BKG03933,PKG0008,USR0376,2025-08-05,2025-09-04,30,2,77860
BKG03934,PKG0060,USR0235,2024-11-30,2025-01-14,45,2,12160
BKG03935,PKG0047,USR0191,2025-09-15,2025-10-30,45,2,52200
BKG03936,PKG0043,USR0371,2024-04-13,2024-05-28,45,3,95150
BKG03937,PKG0001,USR0196,2024-03-21,2024-04-20,30,3,157030
BKG03938,PKG0031,USR0173,2024-11-05,2024-12-20,45,2,75560
BKG03939,PKG0031,USR0217,2024-07-07,2024-08-06,30,2,53710
BKG03940,PKG0002,USR0383,2024-03-22,2024-05-06,45,2,20740
BKG03941,PKG0056,USR0222,2024-07-15,2024-07-17,2,4,172010
BKG03942,PKG0013,USR0293,2024-11-06,2024-12-21,45,3,79760
BKG03943,PKG0028,USR0316,2024-09-06,2024-10-21,45,1,13800
BKG03944,PKG0026,USR0356,2025-01-18,2025-02-02,15,2,65810
BKG03945,PKG0050,USR0294,2025-03-23,2025-05-22,60,2,12790
BKG03946,PKG0015,USR0141,2024-07-09,2024-07-19,10,1,7170
BKG03947,PKG0001,USR0142,2024-02-16,2024-02-21,5,2,121520
BKG03948,PKG0019,USR0310,2024-07-04,2024-07-14,10,2,67030
BKG03949,PKG0023,USR0348,2024-01-06,2024-01-26,20,2,167680
BKG03950,PKG0018,USR0209,2025-02-28,2025-04-29,60,4,54300
BKG03951,PKG0001,USR0337,2024-09-30,2024-10-20,20,2,100290
BKG03952,PKG0007,USR0237,2024-11-21,2024-11-23,2,4,49780
BKG03953,PKG0004,USR0050,2024-01-19,2024-02-18,30,2,18790
BKG03954,PKG0034,USR0364,2024-03-06,2024-04-05,30,10,402690
BKG03955,PKG0010,USR0314,2025-09-15,2026-03-14,180,4,46310
BKG03956,PKG0058,USR0236,2025-09-01,2025-09-21,20,4,101690
BKG03957,PKG0060,USR0169,2025-05-02,2025-08-30,120,4,17020
BKG03958,PKG0035,USR0286,2024-12-14,2024-12-29,15,3,17000
BKG03959,PKG0040,USR0164,2025-03-31,2025-04-05,5,5,154380
BKG03960,PKG0003,USR0078,2025-05-25,2025-07-24,60,3,360210
BKG03961,PKG0043,USR0108,2024-06-23,2024-07-03,10,5,149930
BKG03962,PKG0010,USR0345,2025-02-16,2025-05-17,90,6,99480
BKG03963,PKG0051,USR0017,2025-08-08,2025-11-06,90,10,149530
BKG03964,PKG0030,USR0041,2025-07-28,2025-09-26,60,4,328230
BKG03965,PKG0024,USR0177,2025-06-26,2025-07-11,15,2,40850
BKG03966,PKG0046,USR0190,2024-11-18,2025-01-02,45,5,168340
BKG03967,PKG0020,USR0232,2024-01-31,2024-02-15,15,4,121840
BKG03968,PKG0038,USR0080,2024-06-19,2024-10-17,120,4,226490
BKG03969,PKG0033,USR0320,2025-03-17,2025-06-15,90,1,22360
BKG03970,PKG0012,USR0213,2024-01-24,2024-02-03,10,2,104900
BKG03971,PKG0043,USR0385,2025-07-23,2025-08-22,30,8,228190
BKG03972,PKG0047,USR0381,2024-08-28,2024-09-12,15,2,59820
BKG03973,PKG0017,USR0193,2024-05-14,2024-06-13,30,4,87520
BKG03974,PKG0042,USR0194,2024-05-06,2024-05-26,20,6,314820
BKG03975,PKG0025,USR0050,2024-08-04,2024-10-03,60,8,69920
BKG03976,PKG0030,USR0057,2024-07-01,2024-07-06,5,2,253610
BKG03977,PKG0012,USR0082,2025-02-14,2025-02-16,2,4,272190
BKG03978,PKG0015,USR0282,2024-08-10,2024-09-24,45,1,7530
BKG03979,PKG0053,USR0215,2024-10-12,2024-11-11,30,5,174570
BKG03980,PKG0054,USR0164,2024-04-18,2024-04-23,5,2,63400
BKG03981,PKG0010,USR0341,2024-11-21,2024-12-21,30,6,101020
BKG03982,PKG0040,USR0258,2025-02-05,2025-02-07,2,2,51470
BKG03983,PKG0023,USR0116,2025-05-21,2025-06-10,20,4,281170
BKG03984,PKG0029,USR0388,2025-04-05,2025-04-25,20,2,50780
BKG03985,PKG0006,USR0081,2024-06-30,2024-07-30,30,2,20510
BKG03986,PKG0047,USR0205,2025-06-29,2025-08-13,45,5,124980
BKG03987,PKG0057,USR0172,2024-06-25,2024-08-09,45,5,68910
BKG03988,PKG0028,USR0350,2025-01-27,2025-03-13,45,3,38080
BKG03989,PKG0023,USR0298,2025-03-04,2025-03-19,15,2,160000
BKG03990,PKG0011,USR0211,2024-01-30,2024-03-30,60,4,137350
BKG03991,PKG0002,USR0317,2025-09-16,2025-12-15,90,2,16290
BKG03992,PKG0015,USR0318,2024-03-23,2024-05-22,60,2,13930
BKG03993,PKG0015,USR0307,2025-02-22,2025-04-08,45,1,8250
BKG03994,PKG0043,USR0012,2024-09-12,2024-10-02,20,1,30200
BKG03995,PKG0016,USR0086,2025-04-28,2025-08-26,120,5,117690
BKG03996,PKG0008,USR0351,2025-01-14,2025-01-16,2,2,117950
BKG03997,PKG0059,USR0012,2025-02-02,2025-02-22,20,4,85940
BKG03998,PKG0015,USR0283,2024-07-16,2024-07-31,15,6,44020
BKG03999,PKG0037,USR0083,2024-09-02,2024-09-07,5,5,228630
BKG04000,PKG0031,USR0090,2024-07-23,2024-08-22,30,3,102290
